feature,source_family,transform_type,identity_proxy,development_nonmissing_rows,development_coverage,development_unique_nonmissing,development_standard_deviation,development_transitions_with_data,minimum_required_rows,minimum_required_transitions,target_blind_keep
history__previous_clr_right,election_history,history,False,9446,1.0,9370,2.8742151349477427,8,1,1,True
history__previous_clr_center_left,election_history,history,False,9446,1.0,9373,2.7620947253685886,8,1,1,True
history__previous_clr_haredi,election_history,history,False,9446,1.0,9370,4.5227654935991515,8,1,1,True
history__previous_clr_arab,election_history,history,True,9446,1.0,9365,5.8104545963166325,8,1,1,True
history__log1p_previous_valid_votes,election_history,history,False,9446,1.0,2596,1.4290968154320227,8,1,1,True
history__year_gap,election_history,history,False,9446,1.0,5,1.398178254409814,8,1,1,True
history__previous_turnout_pct,election_history,history,False,8306,0.8793139953419437,7281,11.803194377852254,7,1,1,True
history__previous_other_raw_pct,election_history,history,False,9446,1.0,5263,3.5278562927886217,8,1,1,True
history__previous_modeled_vote_coverage_pct,election_history,history,False,9446,1.0,5263,3.5278562927886297,8,1,1,True
demographic__סה_כ_גברים_בסוף_2003_אלפים__level,demographic,level,False,236,0.02498412026254499,124,30.360827423968743,1,150,2,False
demographic__סה_כ_נשים_בסוף_2003_אלפים__level,demographic,level,False,236,0.02498412026254499,127,31.62803789240155,1,150,2,False
demographic__אחוז_גילאי_4_0_באוכלוסייה_בסוף_2003__level,demographic,level,False,236,0.02498412026254499,174,4.795362130861623,1,150,2,False
demographic__אחוז_גילאי_9_5_באוכלוסייה_בסוף_2003__level,demographic,level,False,236,0.02498412026254499,173,3.1966171927116958,1,150,2,False
demographic__אחוז_גילאי_14_10_באוכלוסייה_בסוף_2003__level,demographic,level,False,236,0.02498412026254499,152,2.2171334415862773,1,150,2,False
demographic__אחוז_גילאי_19_15_באוכלוסייה_בסוף_2003__level,demographic,level,False,236,0.02498412026254499,162,1.6217722288530918,1,150,2,False
demographic__אחוז_גילאי_29_20_באוכלוסייה_בסוף_2003__level,demographic,level,False,236,0.02498412026254499,171,2.607231199142943,1,150,2,False
demographic__אחוז_גילאי_44_30_באוכלוסייה_בסוף_2003__level,demographic,level,False,236,0.02498412026254499,181,3.2154632234617893,1,150,2,False
demographic__אחוז_גילאי_59_45_באוכלוסייה_בסוף_2003__level,demographic,level,False,236,0.02498412026254499,190,5.420300874037525,1,150,2,False
demographic__אחוז_גילאי_64_60_באוכלוסייה_בסוף_2003__level,demographic,level,False,236,0.02498412026254499,159,1.2358103515616974,1,150,2,False
demographic__אחוז_גילאי_65_ומעלה_באוכלוסייה_בסוף_2003__level,demographic,level,False,236,0.02498412026254499,183,4.811733254565396,1,150,2,False
demographic__אחוז_גילאי_17_0_באוכלוסייה_בסוף_2003__level,demographic,level,False,236,0.02498412026254499,199,9.640742863622878,1,150,2,False
demographic__אחוז_גילאי_75_ומעלה_באוכלוסייה_בסוף_2003__level,demographic,level,False,236,0.02498412026254499,163,2.3885779303574224,1,150,2,False
demographic__לידות_חי__level,demographic,level,False,631,0.06680076222739784,450,1844.8331972678322,3,150,2,True
demographic__פטירות__level,demographic,level,False,623,0.06595384289646411,252,475.9090957415471,3,150,2,True
demographic__ריבוי_טבעי_סה_כ__level,demographic,level,False,631,0.06680076222739784,418,1492.1604697254456,3,150,2,True
demographic__ריבוי_טבעי_לאלף_תושבים_2003_2002__level,demographic,level,False,236,0.02498412026254499,194,11.977882380975862,1,150,2,False
demographic__מאזן_הגירה_סה_כ__level,demographic,level,False,236,0.02498412026254499,162,514.2014089664196,1,150,2,False
demographic__אחוז_עולי_1990_מסך_האוכלוסייה__level,demographic,level,False,508,0.053779377514291765,211,10.79433055182204,3,150,2,True
demographic__אחוז_גידול_האוכלוסייה_לעומת_2002__level,demographic,level,False,234,0.02477239042981156,74,2.8655735668046223,1,150,2,False
demographic__פטירת_תינוקות_ממוצע_2003_1999__level,demographic,level,False,155,0.01640906203684099,18,8.555601922506009,1,150,2,False
demographic__השתקעות_ראשונה_של_עולים__level,demographic,level,False,402,0.04255769637941986,173,659.8852546688785,3,150,2,True
demographic__אחוז_גילאי_17_0_של_עולים_בהשתקעות_ראשונה__level,demographic,level,False,85,0.008998517891170866,65,12.534426765581932,1,150,2,False
demographic__אחוז_גילאי_44_18_של_עולים_בהשתקעות_ראשונה__level,demographic,level,False,103,0.010904086385771755,72,16.706767216211407,1,150,2,False
demographic__אחוז_גילאי_64_45_של_עולים_בהשתקעות_ראשונה__level,demographic,level,False,101,0.010692356553038324,69,25.613693429279365,1,150,2,False
demographic__אחוז_גילאי_65_ומעלה_של_עולים_בהשתקעות_ראשונה__level,demographic,level,False,85,0.008998517891170866,63,9.014163303159224,1,150,2,False
demographic__סה_כ_גברים_בסוף_2006_אלפים__level,demographic,level,False,196,0.02074952360787635,132,34.38725322642677,1,150,2,False
demographic__סה_כ_נשים_בסוף_2006_אלפים__level,demographic,level,False,196,0.02074952360787635,123,35.60957568448543,1,150,2,False
demographic__יחס_תלות_אחוזים_2006__level,demographic,level,False,196,0.02074952360787635,181,27.975812775877632,1,150,2,False
demographic__אחוז_בני_0_4_באוכלוסייה_בסוף_2006__level,demographic,level,False,196,0.02074952360787635,165,4.065536690189606,1,150,2,False
demographic__אחוז_בני_5_9_באוכלוסייה_בסוף_2006__level,demographic,level,False,196,0.02074952360787635,163,3.348882066252592,1,150,2,False
demographic__אחוז_בני_10_14_באוכלוסייה_בסוף_2006__level,demographic,level,False,196,0.02074952360787635,155,2.333495761708396,1,150,2,False
demographic__אחוז_בני_15_19_באוכלוסייה_בסוף_2006__level,demographic,level,False,196,0.02074952360787635,169,1.7991319931658916,1,150,2,False
demographic__אחוז_בני_20_29_באוכלוסייה_בסוף_2006__level,demographic,level,False,196,0.02074952360787635,168,2.2504280725410433,1,150,2,False
demographic__אחוז_בני_30_44_באוכלוסייה_בסוף_2006__level,demographic,level,False,196,0.02074952360787635,172,3.096957374435198,1,150,2,False
demographic__אחוז_בני_45_59_באוכלוסייה_בסוף_2006__level,demographic,level,False,196,0.02074952360787635,186,5.011530256078241,1,150,2,False
demographic__אחוז_בני_60_64_באוכלוסייה_בסוף_2006__level,demographic,level,False,196,0.02074952360787635,154,1.2049146036082754,1,150,2,False
demographic__אחוז_בני_65_ומעלה_באוכלוסייה_בסוף_2006__level,demographic,level,False,196,0.02074952360787635,185,4.57686235524276,1,150,2,False
demographic__אחוז_בני_0_17_באוכלוסייה_בסוף_2006__level,demographic,level,False,196,0.02074952360787635,190,9.616913465604176,1,150,2,False
demographic__אחוז_בני_75_ומעלה_באוכלוסייה_בסוף_2006__level,demographic,level,False,196,0.02074952360787635,161,2.382540256048198,1,150,2,False
demographic__לידות_חי_2006__level,demographic,level,False,196,0.02074952360787635,175,1622.5767010805957,1,150,2,False
demographic__פטירות_2006__level,demographic,level,False,196,0.02074952360787635,114,453.95253856948386,1,150,2,False
demographic__ריבוי_טבעי_סה_כ_2006__level,demographic,level,False,196,0.02074952360787635,167,1281.949821041462,1,150,2,False
demographic__ריבוי_טבעי_לאלף_תושבים_2005_2006__level,demographic,level,False,196,0.02074952360787635,191,10.110850661875604,1,150,2,False
demographic__מאזן_הגירה_סה_כ_2006__level,demographic,level,False,195,0.020643658691509633,155,544.7343515624276,1,150,2,False
demographic__אחוז_עולי_1990_מסך_האוכלוסייה_2006__level,demographic,level,False,119,0.012597925047639213,98,11.534457026808422,1,150,2,False
demographic__אחוז_גידול_האוכלוסייה_בשנת_2006_לעומת_2005__level,demographic,level,False,192,0.020326063942409486,69,2.121412830514009,1,150,2,False
demographic__פטירות_תינוקות_ממוצע_2002_2006__level,demographic,level,False,146,0.015456277789540547,16,8.154220284942111,1,150,2,False
demographic__השתקעות_ראשונה_של_עולים_2006__level,demographic,level,False,113,0.011962735549438917,82,397.1696187629008,1,150,2,False
demographic__אחוז_עולים_בני_0_17_בהשתקעות_ראשונה_2006__level,demographic,level,False,107,0.01132754605123862,85,20.0141544428895,1,150,2,False
demographic__אחוז_עולים_בני_18_44_בהשתקעות_ראשונה_2006__level,demographic,level,False,102,0.01079822146940504,80,14.665393061219666,1,150,2,False
demographic__אחוז_עולים_בני_45_64_בהשתקעות_ראשונה_2006__level,demographic,level,False,93,0.009845437222104594,72,12.872222395410764,1,150,2,False
demographic__אחוז_עולים_בני_65_ומעלה_בהשתקעות_ראשונה_2006__level,demographic,level,False,88,0.009316112640271015,65,10.509589341623753,1,150,2,False
demographic__סה_כ_גברים_בסוף_2009_אלפים__level,demographic,level,False,196,0.02074952360787635,126,36.141575427185984,1,150,2,False
demographic__סה_כ_נשים_בסוף_2009_אלפים__level,demographic,level,False,196,0.02074952360787635,132,37.4219957873372,1,150,2,False
demographic__יחס_תלות_לאלף_תושבים_בלתי_תלויים_2009__level,demographic,level,False,196,0.02074952360787635,165,283.66032985166277,1,150,2,False
demographic__אחוז_בני_4_0_באוכלוסייה_בסוף_2009__level,demographic,level,False,196,0.02074952360787635,89,3.527644730086338,1,150,2,False
demographic__אחוז_בני_9_5_באוכלוסייה_בסוף_2009__level,demographic,level,False,196,0.02074952360787635,90,3.2561421250402347,1,150,2,False
demographic__אחוז_בני_14_10_באוכלוסייה_בסוף_2009__level,demographic,level,False,196,0.02074952360787635,83,2.461690303892084,1,150,2,False
demographic__אחוז_בני_19_15_באוכלוסייה_בסוף_2009__level,demographic,level,False,196,0.02074952360787635,70,2.040402736741076,1,150,2,False
demographic__אחוז_בני_29_20_באוכלוסייה_בסוף_2009__level,demographic,level,False,196,0.02074952360787635,91,2.7110087699041334,1,150,2,False
demographic__אחוז_בני_44_30_באוכלוסייה_בסוף_2009__level,demographic,level,False,196,0.02074952360787635,94,2.877196792274673,1,150,2,False
demographic__אחוז_בני_59_45_באוכלוסייה_בסוף_2009__level,demographic,level,False,196,0.02074952360787635,109,4.302966101242936,1,150,2,False
demographic__אחוז_בני_64_60_באוכלוסייה_בסוף_2009__level,demographic,level,False,196,0.02074952360787635,63,1.8565687334601289,1,150,2,False
demographic__אחוז_בני_65_ומעלה_באוכלוסייה_בסוף_2009__level,demographic,level,False,196,0.02074952360787635,102,4.38158564661812,1,150,2,False
demographic__אחוז_בני_17_0_באוכלוסייה_בסוף_2009__level,demographic,level,False,196,0.02074952360787635,148,9.462354561426762,1,150,2,False
demographic__אחוז_בני_75_ומעלה_באוכלוסייה_בסוף_2009__level,demographic,level,False,196,0.02074952360787635,68,2.428602240700896,1,150,2,False
demographic__לידות_חי_2009__level,demographic,level,False,196,0.02074952360787635,174,1808.4503619227312,1,150,2,False
demographic__פטירות_2009__level,demographic,level,False,196,0.02074952360787635,115,444.8726373927542,1,150,2,False
demographic__ריבוי_טבעי_סה_כ_2009__level,demographic,level,False,196,0.02074952360787635,171,1460.5077639366045,1,150,2,False
demographic__ריבוי_טבעי_לאלף_תושבים_2009_2008__level,demographic,level,False,196,0.02074952360787635,150,9.291429221915823,1,150,2,False
demographic__מאזן_הגירה_סה_כ_2009__level,demographic,level,False,196,0.02074952360787635,161,607.0412212280279,1,150,2,False
demographic__אחוז_עולי_1990_מסך_האוכלוסייה_2009__level,demographic,level,False,120,0.012703789964005929,95,10.541316736699327,1,150,2,False
demographic__אחוז_גידול_האוכלוסייה_שנת_2009_לעומת_2008__level,demographic,level,False,196,0.02074952360787635,67,2.000609274019943,1,150,2,False
demographic__פטירות_תינוקות_ממוצע_2009_2005__level,demographic,level,False,196,0.02074952360787635,17,6.88396007627612,1,150,2,False
demographic__השתקעות_ראשונה_של_עולים_2009__level,demographic,level,False,148,0.01566800762227398,77,305.5412219584568,1,150,2,False
demographic__אחוז_עולים_בני_17_0_בהשתקעות_ראשונה_2009__level,demographic,level,False,136,0.014397628625873385,79,27.115518392437792,1,150,2,False
demographic__אחוז_עולים_בני_44_18_בהשתקעות_ראשונה_2009__level,demographic,level,False,113,0.011962735549438917,73,17.195021403358208,1,150,2,False
demographic__אחוז_עולים_בני_64_45_בהשתקעות_ראשונה_2009__level,demographic,level,False,95,0.010057167054838027,70,18.585698242770775,1,150,2,False
demographic__אחוז_עולים_בני_65_ומעלה_בהשתקעות_ראשונה_2009__level,demographic,level,False,94,0.009951302138471311,62,10.672522325310915,1,150,2,False
demographic__סה_כ_גברים_בסוף_2013_אלפים__level,demographic,level,False,200,0.021172983273343216,132,38.09814191119332,1,150,2,False
demographic__סה_כ_נשים_בסוף_2013_אלפים__level,demographic,level,False,200,0.021172983273343216,138,39.16306995103868,1,150,2,False
demographic__יחס_תלות_לאלף_תושבים_בלתי_תלויים_2013__level,demographic,level,False,200,0.021172983273343216,163,249.85097447725957,1,150,2,False
demographic__אחוז_בני_4_0_באוכלוסייה_בסוף_2013__level,demographic,level,False,200,0.021172983273343216,156,3.2265868017840824,1,150,2,False
demographic__אחוז_בני_9_5_באוכלוסייה_בסוף_2013__level,demographic,level,False,200,0.021172983273343216,153,2.6251376029978615,1,150,2,False
demographic__אחוז_בני_14_10_באוכלוסייה_בסוף_2013__level,demographic,level,False,200,0.021172983273343216,161,2.5119727597505204,1,150,2,False
demographic__אחוז_בני_19_15_באוכלוסייה_בסוף_2013__level,demographic,level,False,200,0.021172983273343216,179,2.0984266605599413,1,150,2,False
demographic__אחוז_בני_29_20_באוכלוסייה_בסוף_2013__level,demographic,level,False,200,0.021172983273343216,178,2.4744395842859865,1,150,2,False
demographic__אחוז_בני_44_30_באוכלוסייה_בסוף_2013__level,demographic,level,False,200,0.021172983273343216,180,2.7043540321407233,1,150,2,False
demographic__אחוז_בני_59_45_באוכלוסייה_בסוף_2013__level,demographic,level,False,200,0.021172983273343216,182,3.5885473464605337,1,150,2,False
demographic__אחוז_בני_64_60_באוכלוסייה_בסוף_2013__level,demographic,level,False,200,0.021172983273343216,172,1.7593980554689548,1,150,2,False
demographic__אחוז_בני_65_ומעלה_באוכלוסייה_בסוף_2013__level,demographic,level,False,200,0.021172983273343216,188,4.638332744992142,1,150,2,False
demographic__אחוז_בני_17_0_באוכלוסייה_בסוף_2013__level,demographic,level,False,200,0.021172983273343216,190,8.604974935798976,1,150,2,False
demographic__אחוז_בני_75_ומעלה_באוכלוסייה_בסוף_2013__level,demographic,level,False,200,0.021172983273343216,172,2.459372534574438,1,150,2,False
demographic__לידות_חי_2013__level,demographic,level,False,200,0.021172983273343216,178,1884.9011897845623,1,150,2,False
demographic__פטירות_2013__level,demographic,level,False,200,0.021172983273343216,126,458.35431619092935,1,150,2,False
demographic__ריבוי_טבעי_סה_כ_2013__level,demographic,level,False,200,0.021172983273343216,178,1524.3199216759226,1,150,2,False
demographic__ריבוי_טבעי_לאלף_תושבים_2013_2012__level,demographic,level,False,200,0.021172983273343216,194,8.403434149502514,1,150,2,False
demographic__מאזן_הגירה_סה_כ_2013__level,demographic,level,False,200,0.021172983273343216,152,598.6093984893646,1,150,2,False
demographic__אחוז_עולי_1990_מסך_האוכלוסייה_2013__level,demographic,level,False,121,0.012809654880372645,101,9.89921748862264,1,150,2,False
demographic__אחוז_גידול_האוכלוסייה_שנת_2013_לעומת_2012__level,demographic,level,False,200,0.021172983273343216,166,2.234601523728391,1,150,2,False
demographic__פטירות_תינוקות_ממוצע_2013_2009__level,demographic,level,False,174,0.018420495447808598,41,7.322844589833334,1,150,2,False
demographic__השתקעות_ראשונה_של_עולים_2013__level,demographic,level,False,113,0.011962735549438917,75,383.7099967001589,1,150,2,False
demographic__אחוז_עולים_בני_17_0_בהשתקעות_ראשונה_2013__level,demographic,level,False,113,0.011962735549438917,81,19.438483106304453,1,150,2,False
demographic__אחוז_עולים_בני_44_18_בהשתקעות_ראשונה_2013__level,demographic,level,False,113,0.011962735549438917,79,19.1893059875993,1,150,2,False
demographic__אחוז_עולים_בני_64_45_בהשתקעות_ראשונה_2013__level,demographic,level,False,113,0.011962735549438917,71,11.144541105858824,1,150,2,False
demographic__אחוז_עולים_בני_65_ומעלה_בהשתקעות_ראשונה_2013__level,demographic,level,False,113,0.011962735549438917,71,8.594002590817244,1,150,2,False
demographic__סה_כ_גברים_בסוף_2015_אלפים__level,demographic,level,False,412,0.04361634554308702,139,39.3485798234187,2,150,2,True
demographic__סה_כ_נשים_בסוף_2015_אלפים__level,demographic,level,False,412,0.04361634554308702,142,40.32969945349356,2,150,2,True
demographic__יחס_תלות_לאלף_תושבים_בלתי_תלויים_2015__level,demographic,level,False,412,0.04361634554308702,159,238.96337006786376,2,150,2,True
demographic__אחוז_בני_4_0_באוכלוסייה_בסוף_2015__level,demographic,level,False,412,0.04361634554308702,86,3.099365601923544,2,150,2,True
demographic__אחוז_בני_9_5_באוכלוסייה_בסוף_2015__level,demographic,level,False,412,0.04361634554308702,82,2.5068356103582956,2,150,2,True
demographic__אחוז_בני_14_10_באוכלוסייה_בסוף_2015__level,demographic,level,False,412,0.04361634554308702,84,2.347230722133986,2,150,2,True
demographic__אחוז_בני_19_15_באוכלוסייה_בסוף_2015__level,demographic,level,False,412,0.04361634554308702,73,2.1494870479369195,2,150,2,True
demographic__אחוז_בני_29_20_באוכלוסייה_בסוף_2015__level,demographic,level,False,412,0.04361634554308702,86,2.6526724997845705,2,150,2,True
demographic__אחוז_בני_44_30_באוכלוסייה_בסוף_2015__level,demographic,level,False,412,0.04361634554308702,92,2.6101380108327588,2,150,2,True
demographic__אחוז_בני_59_45_באוכלוסייה_בסוף_2015__level,demographic,level,False,412,0.04361634554308702,94,3.4057266952344367,2,150,2,True
demographic__אחוז_בני_64_60_באוכלוסייה_בסוף_2015__level,demographic,level,False,412,0.04361634554308702,60,1.6165957314404507,2,150,2,True
demographic__אחוז_בני_65_ומעלה_באוכלוסייה_בסוף_2015__level,demographic,level,False,412,0.04361634554308702,121,4.807273753796888,2,150,2,True
demographic__אחוז_בני_17_0_באוכלוסייה_בסוף_2015__level,demographic,level,False,412,0.04361634554308702,147,8.238743581537735,2,150,2,True
demographic__אחוז_בני_75_ומעלה_באוכלוסייה_בסוף_2015__level,demographic,level,False,412,0.04361634554308702,78,2.4327670781116217,2,150,2,True
demographic__לידות_חי_2015__level,demographic,level,False,412,0.04361634554308702,191,1950.8092051046162,2,150,2,True
demographic__פטירות_2015__level,demographic,level,False,412,0.04361634554308702,123,474.14475977747003,2,150,2,True
demographic__ריבוי_טבעי_סה_כ_2015__level,demographic,level,False,412,0.04361634554308702,175,1574.5079996838485,2,150,2,True
demographic__ריבוי_טבעי_לאלף_תושבים_2015_2014__level,demographic,level,False,412,0.04361634554308702,134,8.017708488016646,2,150,2,True
demographic__מאזן_הגירה_סה_כ_2015__level,demographic,level,False,412,0.04361634554308702,161,603.1632957420437,2,150,2,True
demographic__אחוז_עולי_1990_מסך_האוכלוסייה_2015__level,demographic,level,False,253,0.026783823840779167,107,9.638532320271278,2,150,2,True
demographic__אחוז_גידול_האוכלוסייה_שנת_2015_לעומת_2014__level,demographic,level,False,412,0.04361634554308702,58,1.432883430854284,2,150,2,True
demographic__פטירות_תינוקות_ממוצע_2015_2011__level,demographic,level,False,340,0.03599407156468346,44,6.8685671464396485,2,150,2,True
demographic__השתקעות_ראשונה_של_עולים_2015__level,demographic,level,False,275,0.029112852000846918,79,642.888478927017,2,150,2,True
demographic__אחוז_עולים_בני_17_0_בהשתקעות_ראשונה_2015__level,demographic,level,False,272,0.02879525725174677,81,26.491206093691897,2,150,2,True
demographic__אחוז_עולים_בני_44_18_בהשתקעות_ראשונה_2015__level,demographic,level,False,231,0.024454795680711412,88,13.428048017319194,2,150,2,True
demographic__אחוז_עולים_בני_64_45_בהשתקעות_ראשונה_2015__level,demographic,level,False,204,0.02159644293881008,79,10.769898863498732,2,150,2,True
demographic__אחוז_עולים_בני_65_ומעלה_בהשתקעות_ראשונה_2015__level,demographic,level,False,220,0.023290281600677535,72,15.681073615619589,2,150,2,True
demographic__צפיפות_אוכלוסייה_לקמ_ר_ביישובים_שמנו_5_000_תושבים_ויותר__level,demographic,level,False,337,0.035676476815583315,333,3763.4068868534714,2,150,2,True
demographic__סה_כ_אוכלוסייה_בסוף_השנה__level,demographic,level,False,395,0.041816641964852845,391,89925.10875582456,2,150,2,True
demographic__סך_כל_הישראלים__level,demographic,level,False,194,0.020537793775142917,192,89414.97316781017,1,150,2,False
demographic__יהודים_ואחרים_אחוזים_מתוך_כלל_אוכלוסיית_הישראלים__level,demographic,level,True,291,0.030806690662714378,67,39.41702859956491,2,150,2,True
demographic__יהודים_אחוזים_מתוך_יהודים_ואחרים__level,demographic,level,True,300,0.03175947491001482,171,21.864359712578494,2,150,2,True
demographic__ערבים_אחוזים_מתוך_כלל_אוכלוסיית_הישראלים__level,demographic,level,True,179,0.018949820029642177,46,48.59538289892971,1,150,2,False
demographic__מוסלמים_אחוזים_מתוך_האוכלוסייה_הערבית__level,demographic,level,True,179,0.018949820029642177,105,28.48342277837765,1,150,2,False
demographic__נוצרים_אחוזים_מתוך_האוכלוסייה_הערבית__level,demographic,level,True,125,0.013233114545839508,96,20.486614827656965,1,150,2,False
demographic__סה_כ_גברים_בסוף_השנה__level,demographic,level,False,395,0.041816641964852845,387,44820.80937934763,2,150,2,True
demographic__סה_כ_נשים_בסוף_השנה__level,demographic,level,False,395,0.041816641964852845,388,45119.62997270908,2,150,2,True
demographic__אחוז_באוכלוסייה_בסוף_השנה_בני_4_0__level,demographic,level,False,395,0.041816641964852845,246,3.137918958742243,2,150,2,True
demographic__אחוז_באוכלוסייה_בסוף_השנה_בני_9_5__level,demographic,level,False,395,0.041816641964852845,224,2.2862297658897717,2,150,2,True
demographic__אחוז_באוכלוסייה_בסוף_השנה_בני_14_10__level,demographic,level,False,395,0.041816641964852845,223,1.8488472159045874,2,150,2,True
demographic__אחוז_באוכלוסייה_בסוף_השנה_בני_19_15__level,demographic,level,False,395,0.041816641964852845,218,1.8702338177852764,2,150,2,True
demographic__אחוז_באוכלוסייה_בסוף_השנה_בני_29_20__level,demographic,level,False,395,0.041816641964852845,326,3.0388381078229174,2,150,2,True
demographic__אחוז_באוכלוסייה_בסוף_השנה_בני_44_30__level,demographic,level,False,395,0.041816641964852845,322,2.7551288715106166,2,150,2,True
demographic__אחוז_באוכלוסייה_בסוף_השנה_בני_59_45__level,demographic,level,False,395,0.041816641964852845,326,3.5077701542967343,2,150,2,True
demographic__אחוז_באוכלוסייה_בסוף_השנה_בני_64_60__level,demographic,level,False,395,0.041816641964852845,189,1.2797569917672864,2,150,2,True
demographic__אחוז_באוכלוסייה_בסוף_השנה_בני_65_ומעלה__level,demographic,level,False,395,0.041816641964852845,304,5.3654880866773,2,150,2,True
demographic__אחוז_באוכלוסייה_בסוף_השנה_בני_17_0__level,demographic,level,False,395,0.041816641964852845,312,7.345442978404666,2,150,2,True
demographic__אחוז_באוכלוסייה_בסוף_השנה_בני_75_ומעלה__level,demographic,level,False,395,0.041816641964852845,244,2.562407097188632,2,150,2,True
demographic__יחס_תלות_ל_1_000_תושבים_בלתי_תלויים__level,demographic,level,False,395,0.041816641964852845,346,211.23757145094953,2,150,2,True
demographic__שיעור_פריון_כולל__level,demographic,level,False,277,0.029324581833580353,148,1.0074542437561005,2,150,2,True
demographic__פטירות_תינוקות_ממוצע__level,demographic,level,False,333,0.03525301715011645,50,6.890675239821011,2,150,2,True
demographic__שיעור_פטירות_מתוקנן_ל_1_000_תושבים__level,demographic,level,False,383,0.040546262968452255,215,1.0176944779730814,2,150,2,True
demographic__ריבוי_טבעי_ל_1_000_תושבים__level,demographic,level,False,395,0.041816641964852845,355,8.120204509658222,2,150,2,True
demographic__אחוז_גידול_האוכלוסייה_לעומת_השנה_הקודמת__level,demographic,level,False,395,0.041816641964852845,259,2.911314705577804,2,150,2,True
demographic__אחוז_עולים_בהשתקעות_ראשונה_בני_17_0__level,demographic,level,False,291,0.030806690662714378,158,18.98704076567921,2,150,2,True
demographic__אחוז_עולים_בהשתקעות_ראשונה_בני_44_18__level,demographic,level,False,302,0.031971204742748255,152,21.664874504510948,2,150,2,True
demographic__אחוז_עולים_בהשתקעות_ראשונה_בני_64_45__level,demographic,level,False,303,0.03207706965911497,152,13.427004875397165,2,150,2,True
demographic__אחוז_עולים_בהשתקעות_ראשונה_בני_65_ומעלה__level,demographic,level,False,303,0.03207706965911497,134,10.483587412614098,2,150,2,True
demographic__מאזן_הגירה_ביישוב_סה_כ__level,demographic,level,False,393,0.041604912132119413,286,973.0306443915126,2,150,2,True
demographic__מאזן_הגירה_פנימית__level,demographic,level,False,388,0.041075587550285834,275,1089.728392340112,2,150,2,True
demographic__נכנסים_מיישובים_אחרים_סה_כ__level,demographic,level,False,390,0.041287317383019266,322,2286.3718566391294,2,150,2,True
demographic__נכנסים_מיישובים_אחרים_גברים__level,demographic,level,False,388,0.041075587550285834,269,1186.9539298346224,2,150,2,True
demographic__נכנסים_מיישובים_אחרים_נשים__level,demographic,level,False,390,0.041287317383019266,298,1103.5178532413438,2,150,2,True
demographic__נכנסים_מיישובים_אחרים_עד_גיל_14__level,demographic,level,False,386,0.0408638577175524,256,538.3039521272806,2,150,2,True
demographic__נכנסים_מיישובים_אחרים_גיל_29_15__level,demographic,level,False,387,0.04096972263391912,244,911.6147073977825,2,150,2,True
demographic__נכנסים_מיישובים_אחרים_גיל_64_30__level,demographic,level,False,388,0.041075587550285834,258,894.6030869922593,2,150,2,True
demographic__נכנסים_מיישובים_אחרים_גיל_65_ומעלה__level,demographic,level,False,271,0.028689392335380055,133,135.34400564240735,2,150,2,True
demographic__יוצאים_ליישובים_אחרים_סה_כ__level,demographic,level,False,395,0.041816641964852845,327,2714.767675334591,2,150,2,True
demographic__יוצאים_ליישובים_אחרים_גברים__level,demographic,level,False,389,0.04118145246665255,274,1408.4836619038406,2,150,2,True
demographic__יוצאים_ליישובים_אחרים_נשים__level,demographic,level,False,392,0.0414990472157527,290,1320.2568900910035,2,150,2,True
demographic__יוצאים_ליישובים_אחרים_עד_גיל_14__level,demographic,level,False,384,0.04065212788481897,247,761.0253905163789,2,150,2,True
demographic__יוצאים_ליישובים_אחרים_גיל_29_15__level,demographic,level,False,392,0.0414990472157527,254,752.8000091977025,2,150,2,True
demographic__יוצאים_ליישובים_אחרים_גיל_64_30__level,demographic,level,False,388,0.041075587550285834,255,1180.0283561205497,2,150,2,True
demographic__יוצאים_ליישובים_אחרים_גיל_65_ומעלה__level,demographic,level,False,273,0.028901122168113486,137,167.87337857637723,2,150,2,True
demographic__הגירה_בתוך_הרשות_המקומית__level,demographic,level,False,346,0.03662926106288376,278,4922.310107743262,2,150,2,True
demographic__נישאים_סה_כ_גברים_ונשים__level,demographic,level,False,393,0.041604912132119413,295,1097.0062242221961,2,150,2,True
demographic__נישאים_שיעור_ל_1_000_תושבים_לא_נשואים_בני_15_ומעלה__level,demographic,level,False,393,0.041604912132119413,283,17.448878963522496,2,150,2,True
demographic__מתגרשים_סה_כ_גברים_ונשים__level,demographic,level,False,391,0.04139318229938598,184,283.3302833194245,2,150,2,True
demographic__מתגרשים_שיעור_ל_1_000_תושבים_נשואים_בני_15_ומעלה__level,demographic,level,False,386,0.0408638577175524,123,3.057793507170562,2,150,2,True
demographic__יהודים_ואחרים_אחוזים__level,demographic,level,True,0,0.0,0,,0,150,2,False
income__שכר_ממוצע_לחודש_של_שכירים_ש_ח_כלל_השכירים__level,income,level,False,1781,0.1885454160491213,1494,3042.1146439553927,8,150,2,True
income__שכר_ממוצע_לחודש_של_שכירים_ש_ח_גברים__level,income,level,False,1781,0.1885454160491213,1490,3998.514227440638,8,150,2,True
income__שכר_ממוצע_לחודש_של_שכירים_ש_ח_נשים__level,income,level,False,1781,0.1885454160491213,1474,2355.22819910386,8,150,2,True
income__אחוז_שינוי_ריאלי_לעומת_השנה_הקודמת_של_שכר_ממוצע_לחודש_של_שכירים_כלל_השכירים__level,income,level,False,1585,0.16779589244124496,641,5.405287096218856,8,150,2,True
income__אחוז_שינוי_ריאלי_לעומת_השנה_הקודמת_של_שכר_ממוצע_לחודש_של_שכירים_גברים__level,income,level,False,1583,0.16758416260851153,649,5.516221700260036,8,150,2,True
income__אחוז_שינוי_ריאלי_לעומת_השנה_הקודמת_של_שכר_ממוצע_לחודש_של_שכירים_נשים__level,income,level,False,1585,0.16779589244124496,663,7.654262869918425,8,150,2,True
income__מספר_השכירים__level,income,level,False,1584,0.16769002752487824,1249,27913.43863207298,8,150,2,True
income__אחוז_השכירים_המשתכרים_עד_שכר_מינימום__level,income,level,False,1584,0.16769002752487824,396,10.40294160625658,8,150,2,True
income__מספר_העצמאים__level,income,level,False,1584,0.16769002752487824,862,2392.416282740221,8,150,2,True
income__הכנסה_ממוצעת_לחודש_של_העצמאים_ש_ח__level,income,level,False,1587,0.1680076222739784,1301,2685.8803478306654,8,150,2,True
income__אחוז_שינוי_ריאלי_של_הכנסה_ממוצעת_לחודש_של_העצמאים_לעומת_השנה_הקודמת__level,income,level,False,1585,0.16779589244124496,680,8.414496310179038,8,150,2,True
income__אחוז_העצמאים_המשתכרים_עד_מחצית_השכר_הממוצע__level,income,level,False,1587,0.1680076222739784,373,9.18274883846566,8,150,2,True
income__מדד_אי_השוויון_שכירים_מדד_ג_יני_0_שוויון_מלא__level,income,level,False,1587,0.1680076222739784,37,0.053843711296415936,8,150,2,True
income__כלל_בעלי_הכנסה_מספר__level,income,level,False,0,0.0,0,,0,150,2,False
income__כלל_בעלי_הכנסה_שכר_ממוצע__level,income,level,False,0,0.0,0,,0,150,2,False
income__גברים_מספר_בעלי_הכנסה__level,income,level,False,0,0.0,0,,0,150,2,False
income__גברים_שכר_ממוצע__level,income,level,False,0,0.0,0,,0,150,2,False
income__נשים_מספר_בעלי_הכנסה__level,income,level,False,0,0.0,0,,0,150,2,False
income__נשים_שכר_ממוצע__level,income,level,False,0,0.0,0,,0,150,2,False
income__בעלי_הכנסה_משכר_מספר__level,income,level,False,0,0.0,0,,0,150,2,False
income__בעלי_הכנסה_משכר_שכר_ממוצע__level,income,level,False,0,0.0,0,,0,150,2,False
income__בעלי_הכנסה_עסקית_מספר__level,income,level,False,0,0.0,0,,0,150,2,False
income__בעלי_הכנסה_עסקית_שכר_ממוצע__level,income,level,False,0,0.0,0,,0,150,2,False
income__בעלי_הכנסה_משכר_ועסקית_מספר__level,income,level,False,0,0.0,0,,0,150,2,False
income__בעלי_הכנסה_משכר_ועסקית_שכר_ממוצע__level,income,level,False,0,0.0,0,,0,150,2,False
income__שכירים_השתכרים_מתחת_לשכר_המינימום_מספר__level,income,level,False,0,0.0,0,,0,150,2,False
unemployment__מקבלי_דמי_אבטלה_ממוצע_חודשי_סה_כ__level,unemployment,level,False,1817,0.1923565530383231,683,1736.4806868208198,8,150,2,True
unemployment__מקבלי_דמי_אבטלה_ממוצע_חודשי_גברים__level,unemployment,level,False,1812,0.19182722845648953,496,839.8759470763532,8,150,2,True
unemployment__גיל_ממוצע_של_מקבלי_דמי_אבטלה_לא_כולל_חיילים__level,unemployment,level,False,1819,0.19256828287105654,302,2.8705493862550595,8,150,2,True
unemployment__דמי_אבטלה_ממוצעים_ליום_ש_ח__level,unemployment,level,False,1819,0.19256828287105654,416,41.7862269299805,8,150,2,True
unemployment__מקבלי_הכשרה_מקצועית_סה_כ__level,unemployment,level,False,138,0.014609358458606819,49,30.57755088303943,1,150,2,False
unemployment__מקבלי_קצבאות_זקנה_ושאירים_סה_כ_סוף_שנה__level,unemployment,level,False,1778,0.18822782130002116,1170,8982.887468926128,8,150,2,True
unemployment__אחוז_מקבלי_השלמת_הכנסה_מבין_מקבלי_קצבאות_זקנה_ושאירים_סוף_שנה__level,unemployment,level,False,1778,0.18822782130002116,1052,16.06733330658524,8,150,2,True
unemployment__מקבלי_גמלת_הבטחת_הכנסה_נפשות_במשך_השנה__level,unemployment,level,False,1737,0.18388735972898582,1027,2774.3123724602287,8,150,2,True
unemployment__מקבלי_גמלאות_סיעוד_סוף_שנה__level,unemployment,level,False,1772,0.18759263180182087,745,1762.9527098057167,8,150,2,True
unemployment__מקבלי_גמלאות_נכות_כללית_סוף_שנה__level,unemployment,level,False,1779,0.18833368621638788,926,1958.1803041889227,8,150,2,True
unemployment__מקבלי_גמלאות_ניידות_סוף_שנה__level,unemployment,level,False,1778,0.18822782130002116,376,300.54270253388154,8,150,2,True
unemployment__מקבלי_גמלאות_נכות_מעבודה_ותלויים_סוף_שנה__level,unemployment,level,False,1765,0.18685157738725386,397,284.219741803963,8,150,2,True
unemployment__אחוז_המבוטחים_בקופ_ח_מתוך_סך_כל_המבוטחים_כללית__level,unemployment,level,False,1771,0.18748676688545415,639,18.679812618564913,8,150,2,True
unemployment__אחוז_המבוטחים_בקופ_ח_מתוך_סך_כל_המבוטחים_מכבי__level,unemployment,level,False,1768,0.187169172136354,474,15.192499016479315,8,150,2,True
unemployment__אחוז_המבוטחים_בקופ_ח_מתוך_סך_כל_המבוטחים_מאוחדת__level,unemployment,level,True,1766,0.18695744230362057,348,11.171905604663342,8,150,2,True
unemployment__אחוז_המבוטחים_בקופ_ח_מתוך_סך_כל_המבוטחים_לאומית__level,unemployment,level,False,1765,0.18685157738725386,325,9.60463972217402,8,150,2,True
unemployment__מספר_משפחות_של_מקבלי_קצבאות_בגין_ילדים_סוף_שנה_סה_כ__level,unemployment,level,False,1810,0.1916154986237561,1347,9878.27048300049,8,150,2,True
unemployment__מספר_משפחות_של_מקבלי_קצבאות_בגין_ילדים_סוף_שנה_עם_2_1_ילדים_במשפחה__level,unemployment,level,False,1810,0.1916154986237561,1233,5895.943136896455,8,150,2,True
unemployment__מספר_משפחות_של_מקבלי_קצבאות_בגין_ילדים_סוף_שנה_עם_4_3_ילדים_במשפחה__level,unemployment,level,False,1810,0.1916154986237561,1088,2993.215685589776,8,150,2,True
unemployment__מספר_משפחות_של_מקבלי_קצבאות_בגין_ילדים_סוף_שנה_עם_5_ילדים_ויותר_במשפחה__level,unemployment,level,False,1737,0.18388735972898582,553,1484.5193503138898,8,150,2,True
unemployment__מספר_ילדים_שבגינם_שולמו_קצבאות_סה_כ__level,unemployment,level,False,1810,0.1916154986237561,1446,26210.968760111904,8,150,2,True
unemployment__מספר_ילדים_שבגינם_שולמו_קצבאות_במשפחות_עם_2_1_ילדים__level,unemployment,level,False,1810,0.1916154986237561,1296,8769.949224228543,8,150,2,True
unemployment__מספר_ילדים_שבגינם_שולמו_קצבאות_במשפחות_עם_4_3_ילדים__level,unemployment,level,False,1810,0.1916154986237561,1356,10056.753734796936,8,150,2,True
unemployment__מספר_ילדים_שבגינם_שולמו_קצבאות_במשפחות_עם_5_ילדים_ויותר__level,unemployment,level,False,1801,0.19066271437645566,1059,9038.264524482638,8,150,2,True
unemployment__מספר_מקבלי_דמי_אבטלה_סה_כ_שנתי__level,unemployment,level,False,448,0.047427482532288796,419,6938.05012978881,2,150,2,True
unemployment__אחוז_מקבלי_דמי_אבטלה_מבני_67_20_שנתי__level,unemployment,level,False,448,0.047427482532288796,387,9.272401425058126,2,150,2,True
unemployment__אחוז_מקבלי_דמי_אבטלה_מבני_67_20_ממוצע_חודשי__level,unemployment,level,False,447,0.04732161761592208,321,4.709591246549274,2,150,2,True
unemployment__ימי_זכאות_לדמי_אבטלה_ממוצע_שנתי__level,unemployment,level,False,448,0.047427482532288796,238,13.413821594590127,2,150,2,True
unemployment__ניצול_ימי_אבטלה_בשנה_ממוצע_שנתי__level,unemployment,level,False,448,0.047427482532288796,247,23.37123754718728,2,150,2,True
unemployment__ניצול_ימי_אבטלה_בשנה_חציון_שנתי__level,unemployment,level,False,448,0.047427482532288796,98,19.998817697106976,2,150,2,True
education__ילדים_בגנים_של_משרד_החינוך_סה_כ_תשע_ו_2015_16__level,education,level,False,201,0.02127884818970993,192,4616.730095287823,1,150,2,False
education__ילדים_בגנים_של_משרד_החינוך_גיל_3_תשע_ו_2015_16__level,education,level,False,201,0.02127884818970993,179,1375.9749402944835,1,150,2,False
education__ילדים_בגנים_של_משרד_החינוך_גיל_4_תשע_ו_2015_16__level,education,level,False,201,0.02127884818970993,182,1514.5412481797282,1,150,2,False
education__ילדים_בגנים_של_משרד_החינוך_גיל_5_תשע_ו_2015_16__level,education,level,False,201,0.02127884818970993,178,1516.8184596228828,1,150,2,False
education__ילדים_בגנים_של_משרד_החינוך_גיל_6_תשע_ו_2015_16__level,education,level,False,189,0.020008469193309338,101,232.17652936024896,1,150,2,False
education__בתי_ספר_סה_כ_תשע_ו_2015_16__level,education,level,False,175,0.018526360364175314,52,57.32595534305061,1,150,2,False
education__בתי_ספר_יסודיים_כולל_חינוך_מיוחד_תשע_ו_2015_16__level,education,level,False,154,0.016303197120474275,41,35.234326600450075,1,150,2,False
education__בתי_ספר_על_יסודיים_תשע_ו_2015_16__level,education,level,False,134,0.014185898793139954,40,37.894685407513826,1,150,2,False
education__בתי_ספר_תיכוניים_תשע_ו_2015_16__level,education,level,False,107,0.01132754605123862,27,34.40445280445194,1,150,2,False
education__כיתות_סה_כ_תשע_ו_2015_16__level,education,level,False,201,0.02127884818970993,159,658.0713166602428,1,150,2,False
education__כיתות_בבתי_ספר_יסודיים_כולל_חינוך_מיוחד_תשע_ו_2015_16__level,education,level,False,201,0.02127884818970993,144,407.20907705724204,1,150,2,False
education__כיתות_בבתי_ספר_על_יסודיים_תשע_ו_2015_16__level,education,level,False,201,0.02127884818970993,127,253.735607488312,1,150,2,False
education__כיתות_בחטיבות_ביניים_תשע_ו_2015_16__level,education,level,False,201,0.02127884818970993,85,74.2780707278048,1,150,2,False
education__כיתות_בבתי_ספר_תיכוניים_תשע_ו_2015_16__level,education,level,False,201,0.02127884818970993,101,184.8923010432686,1,150,2,False
education__תלמידים_סה_כ_תשע_ו_2015_16__level,education,level,False,201,0.02127884818970993,199,16161.254259724481,1,150,2,False
education__תלמידים_בבתי_ספר_יסודיים_כולל_חינוך_מיוחד_תשע_ו_2015_16__level,education,level,False,201,0.02127884818970993,196,9962.452543652462,1,150,2,False
education__תלמידים_בבתי_ספר_על_יסודיים_תשע_ו_2015_16__level,education,level,False,201,0.02127884818970993,184,6275.145215687059,1,150,2,False
education__תלמידים_בחטיבות_ביניים_תשע_ו_2015_16__level,education,level,False,201,0.02127884818970993,173,1970.3516290221012,1,150,2,False
education__תלמידים_בבתי_ספר_תיכוניים_תשע_ו_2015_16__level,education,level,False,201,0.02127884818970993,171,4498.3332210842755,1,150,2,False
education__ממוצע_תלמידים_לכיתה_סה_כ_תשע_ו_2015_16__level,education,level,False,201,0.02127884818970993,90,3.6415449266398356,1,150,2,False
education__ממוצע_תלמידים_לכיתה_בבתי_ספר_יסודיים_כולל_חינוך_מיוחד_תשע_ו_2015_16__level,education,level,False,201,0.02127884818970993,94,4.002132286768646,1,150,2,False
education__ממוצע_תלמידים_לכיתה_בבתי_ספר_על_יסודיים_תשע_ו_2015_16__level,education,level,False,201,0.02127884818970993,94,7.762765989706585,1,150,2,False
education__ממוצע_תלמידים_לכיתה_בחטיבות_ביניים_תשע_ו_2015_16__level,education,level,False,201,0.02127884818970993,20,9.631728765127006,1,150,2,False
education__ממוצע_תלמידים_לכיתה_בבתי_ספר_תיכוניים_תשע_ו_2015_16__level,education,level,False,201,0.02127884818970993,96,9.29773678206996,1,150,2,False
education__אחוז_זכאים_לתעודת_בגרות_מבין_תלמידי_כיתות_יב_תשע_ו_2015_16__level,education,level,True,194,0.020537793775142917,167,16.99406518255349,1,150,2,False
education__אחוז_זכאים_לתעודת_בגרות_שעמדו_בדרישות_הסף_של_האוניברסיטאות_מבין_תלמידי_כיתות_יב_תשע_ו_2015_16__level,education,level,True,194,0.020537793775142917,169,18.40692407512392,1,150,2,False
education__ילדים_בגנים_של_משרד_החינוך_סה_כ__level,education,level,False,402,0.04255769637941986,378,5012.728489554856,2,150,2,True
education__ילדים_בגנים_של_משרד_החינוך_גיל_3__level,education,level,False,402,0.04255769637941986,332,1522.5959577548256,2,150,2,True
education__ילדים_בגנים_של_משרד_החינוך_גיל_4__level,education,level,False,402,0.04255769637941986,327,1649.454322695998,2,150,2,True
education__ילדים_בגנים_של_משרד_החינוך_גיל_5__level,education,level,False,402,0.04255769637941986,333,1606.9533079140656,2,150,2,True
education__ילדים_בגנים_של_משרד_החינוך_גיל_6__level,education,level,False,373,0.0394876138047851,152,259.2944705811968,2,150,2,True
education__בתי_ספר_סה_כ__level,education,level,False,400,0.04234596654668643,74,57.91082284215653,2,150,2,True
education__בתי_ספר_יסודיים__level,education,level,False,398,0.042134236713953,59,34.60725010283269,2,150,2,True
education__בתי_ספר_על_יסודיים__level,education,level,False,373,0.0394876138047851,56,36.16214792655355,2,150,2,True
education__בתי_ספר_חטיבות_ביניים__level,education,level,False,351,0.03715858564471734,26,7.9320814517953675,2,150,2,True
education__בתי_ספר_תיכוניים__level,education,level,False,355,0.037582045310184206,44,29.747059731410765,2,150,2,True
education__כיתות_סה_כ__level,education,level,False,399,0.042240101630319715,268,714.797415441325,2,150,2,True
education__כיתות_בבתי_ספר_יסודיים__level,education,level,False,398,0.042134236713953,215,443.4744518169293,2,150,2,True
education__כיתות_בבתי_ספר_על_יסודיים__level,education,level,False,373,0.0394876138047851,188,281.47653358757526,2,150,2,True
education__כיתות_בחטיבות_ביניים__level,education,level,False,351,0.03715858564471734,115,81.61004820143147,2,150,2,True
education__כיתות_בבתי_ספר_תיכוניים__level,education,level,False,355,0.037582045310184206,148,212.1243148398785,2,150,2,True
education__תלמידים_סה_כ__level,education,level,False,399,0.042240101630319715,392,17275.435953834363,2,150,2,True
education__תלמידים_בבתי_ספר_יסודיים__level,education,level,False,398,0.042134236713953,390,10668.561919923248,2,150,2,True
education__תלמידים_בבתי_ספר_על_יסודיים__level,education,level,False,373,0.0394876138047851,357,6852.2233655233995,2,150,2,True
education__תלמידים_בחטיבות_ביניים__level,education,level,False,351,0.03715858564471734,314,2133.427362389015,2,150,2,True
education__תלמידים_בבתי_ספר_תיכוניים__level,education,level,False,355,0.037582045310184206,335,5101.853148804799,2,150,2,True
education__ממוצע_תלמידים_לכיתה_בבתי_ספר_יסודיים__level,education,level,False,402,0.04255769637941986,303,3.535507094008085,2,150,2,True
education__אחוז_תלמידים_נושרים_סה_כ__level,education,level,False,358,0.037899640059284354,193,1.016243947712932,2,150,2,True
education__אחוז_תלמידים_נושרים_בנים__level,education,level,False,285,0.03017150116451408,197,1.584827140256064,2,150,2,True
education__אחוז_תלמידים_נושרים_בנות__level,education,level,False,274,0.029006987084480202,133,0.8124301526085612,2,150,2,True
education__אחוז_זכאים_לתעודת_בגרות_מבין_תלמידי_כיתות_יב__level,education,level,True,391,0.04139318229938598,371,17.032906464575927,2,150,2,True
education__אחוז_זכאים_לתעודת_בגרות_שעמדו_בדרישות_הסף_של_האוניברסיטאות_מבין_תלמידי_כיתות_יב__level,education,level,True,391,0.04139318229938598,379,18.158170443864943,2,150,2,True
education__השכלה_גבוהה_אחוז_בעלי_תארים_מישראל_מתוך_אוכלוסיית_בני_55_35__level,education,level,False,402,0.04255769637941986,342,16.71646799447391,2,150,2,True
education__השכלה_גבוהה_אחוז_הנכנסים_להשכלה_גבוהה_בתוך_8_שנים_בקרב_תלמידי_יב__level,education,level,False,320,0.03387677323734914,231,11.795614305729481,2,150,2,True
education__השכלה_גבוהה_אחוז_סטודנטים_מתוך_אוכלוסיית_בני_25_20__level,education,level,False,402,0.04255769637941986,366,5.941814851383164,2,150,2,True
education__השכלה_גבוהה_אחוז_סטודנטים_מתוך_כלל_האוכלוסייה__level,education,level,False,402,0.04255769637941986,255,1.3281278654098312,2,150,2,True
education__עובדי_הוראה_מספר_עובדי_הוראה__level,education,level,False,373,0.0394876138047851,319,1588.8638445391139,2,150,2,True
education__עובדי_הוראה_ממוצע_שעות_עבודה_לשבוע__level,education,level,False,373,0.0394876138047851,81,2.0385861290125282,2,150,2,True
education__עובדי_הוראה_אחוז_עובדי_הוראה_חדשים__level,education,level,False,371,0.03927588397205166,297,3.011769415358956,2,150,2,True
education__עובדי_הוראה_אחוז_שעות_היעדרות_מסך_שעות_עבודה_שנתיות__level,education,level,False,373,0.0394876138047851,73,1.5786225668863558,2,150,2,True
education__עובדי_הוראה_ממוצע_שנות_ותק_מוכרות_בהוראה__level,education,level,False,373,0.0394876138047851,91,2.0892839056973322,2,150,2,True
education__עובדי_הוראה_אחוז_בעלי_דרגת_שכר_תואר_שני_ומעלה__level,education,level,False,373,0.0394876138047851,350,9.049829571719965,2,150,2,True
education__עובדי_הוראה_אחוז_עובדי_הוראה_משתלמים_מכלל_עובדי_הוראה__level,education,level,False,373,0.0394876138047851,286,35.35597053443174,2,150,2,True
education__עובדי_הוראה_ממוצע_תלמידים_למורה__level,education,level,False,372,0.039381748888418375,288,2.551237098996952,2,150,2,True
education__עובדי_הוראה_ממוצע_שעות_עבודה_שבועיות_לתלמיד__level,education,level,False,372,0.039381748888418375,170,0.5932287883506183,2,150,2,True
demographic__סה_כ_גברים_בסוף_2003_אלפים__annualized_change,demographic,annualized_change,False,0,0.0,0,,0,100,2,False
demographic__סה_כ_נשים_בסוף_2003_אלפים__annualized_change,demographic,annualized_change,False,0,0.0,0,,0,100,2,False
demographic__אחוז_גילאי_4_0_באוכלוסייה_בסוף_2003__annualized_change,demographic,annualized_change,False,0,0.0,0,,0,100,2,False
demographic__אחוז_גילאי_9_5_באוכלוסייה_בסוף_2003__annualized_change,demographic,annualized_change,False,0,0.0,0,,0,100,2,False
demographic__אחוז_גילאי_14_10_באוכלוסייה_בסוף_2003__annualized_change,demographic,annualized_change,False,0,0.0,0,,0,100,2,False
demographic__אחוז_גילאי_19_15_באוכלוסייה_בסוף_2003__annualized_change,demographic,annualized_change,False,0,0.0,0,,0,100,2,False
demographic__אחוז_גילאי_29_20_באוכלוסייה_בסוף_2003__annualized_change,demographic,annualized_change,False,0,0.0,0,,0,100,2,False
demographic__אחוז_גילאי_44_30_באוכלוסייה_בסוף_2003__annualized_change,demographic,annualized_change,False,0,0.0,0,,0,100,2,False
demographic__אחוז_גילאי_59_45_באוכלוסייה_בסוף_2003__annualized_change,demographic,annualized_change,False,0,0.0,0,,0,100,2,False
demographic__אחוז_גילאי_64_60_באוכלוסייה_בסוף_2003__annualized_change,demographic,annualized_change,False,0,0.0,0,,0,100,2,False
demographic__אחוז_גילאי_65_ומעלה_באוכלוסייה_בסוף_2003__annualized_change,demographic,annualized_change,False,0,0.0,0,,0,100,2,False
demographic__אחוז_גילאי_17_0_באוכלוסייה_בסוף_2003__annualized_change,demographic,annualized_change,False,0,0.0,0,,0,100,2,False
demographic__אחוז_גילאי_75_ומעלה_באוכלוסייה_בסוף_2003__annualized_change,demographic,annualized_change,False,0,0.0,0,,0,100,2,False
demographic__לידות_חי__annualized_change,demographic,annualized_change,False,190,0.020114334109676054,119,159.06458986292182,1,100,2,False
demographic__פטירות__annualized_change,demographic,annualized_change,False,190,0.020114334109676054,74,34.45161795029266,1,100,2,False
demographic__ריבוי_טבעי_סה_כ__annualized_change,demographic,annualized_change,False,190,0.020114334109676054,120,155.19387224967517,1,100,2,False
demographic__ריבוי_טבעי_לאלף_תושבים_2003_2002__annualized_change,demographic,annualized_change,False,0,0.0,0,,0,100,2,False
demographic__מאזן_הגירה_סה_כ__annualized_change,demographic,annualized_change,False,0,0.0,0,,0,100,2,False
demographic__אחוז_עולי_1990_מסך_האוכלוסייה__annualized_change,demographic,annualized_change,False,190,0.020114334109676054,79,0.9587860432295255,1,100,2,False
demographic__אחוז_גידול_האוכלוסייה_לעומת_2002__annualized_change,demographic,annualized_change,False,0,0.0,0,,0,100,2,False
demographic__פטירת_תינוקות_ממוצע_2003_1999__annualized_change,demographic,annualized_change,False,0,0.0,0,,0,100,2,False
demographic__השתקעות_ראשונה_של_עולים__annualized_change,demographic,annualized_change,False,99,0.01048062672030489,72,789.2640086337876,1,100,2,False
demographic__אחוז_גילאי_17_0_של_עולים_בהשתקעות_ראשונה__annualized_change,demographic,annualized_change,False,0,0.0,0,,0,100,2,False
demographic__אחוז_גילאי_44_18_של_עולים_בהשתקעות_ראשונה__annualized_change,demographic,annualized_change,False,0,0.0,0,,0,100,2,False
demographic__אחוז_גילאי_64_45_של_עולים_בהשתקעות_ראשונה__annualized_change,demographic,annualized_change,False,0,0.0,0,,0,100,2,False
demographic__אחוז_גילאי_65_ומעלה_של_עולים_בהשתקעות_ראשונה__annualized_change,demographic,annualized_change,False,0,0.0,0,,0,100,2,False
demographic__סה_כ_גברים_בסוף_2006_אלפים__annualized_change,demographic,annualized_change,False,0,0.0,0,,0,100,2,False
demographic__סה_כ_נשים_בסוף_2006_אלפים__annualized_change,demographic,annualized_change,False,0,0.0,0,,0,100,2,False
demographic__יחס_תלות_אחוזים_2006__annualized_change,demographic,annualized_change,False,0,0.0,0,,0,100,2,False
demographic__אחוז_בני_0_4_באוכלוסייה_בסוף_2006__annualized_change,demographic,annualized_change,False,0,0.0,0,,0,100,2,False
demographic__אחוז_בני_5_9_באוכלוסייה_בסוף_2006__annualized_change,demographic,annualized_change,False,0,0.0,0,,0,100,2,False
demographic__אחוז_בני_10_14_באוכלוסייה_בסוף_2006__annualized_change,demographic,annualized_change,False,0,0.0,0,,0,100,2,False
demographic__אחוז_בני_15_19_באוכלוסייה_בסוף_2006__annualized_change,demographic,annualized_change,False,0,0.0,0,,0,100,2,False
demographic__אחוז_בני_20_29_באוכלוסייה_בסוף_2006__annualized_change,demographic,annualized_change,False,0,0.0,0,,0,100,2,False
demographic__אחוז_בני_30_44_באוכלוסייה_בסוף_2006__annualized_change,demographic,annualized_change,False,0,0.0,0,,0,100,2,False
demographic__אחוז_בני_45_59_באוכלוסייה_בסוף_2006__annualized_change,demographic,annualized_change,False,0,0.0,0,,0,100,2,False
demographic__אחוז_בני_60_64_באוכלוסייה_בסוף_2006__annualized_change,demographic,annualized_change,False,0,0.0,0,,0,100,2,False
demographic__אחוז_בני_65_ומעלה_באוכלוסייה_בסוף_2006__annualized_change,demographic,annualized_change,False,0,0.0,0,,0,100,2,False
demographic__אחוז_בני_0_17_באוכלוסייה_בסוף_2006__annualized_change,demographic,annualized_change,False,0,0.0,0,,0,100,2,False
demographic__אחוז_בני_75_ומעלה_באוכלוסייה_בסוף_2006__annualized_change,demographic,annualized_change,False,0,0.0,0,,0,100,2,False
demographic__לידות_חי_2006__annualized_change,demographic,annualized_change,False,0,0.0,0,,0,100,2,False
demographic__פטירות_2006__annualized_change,demographic,annualized_change,False,0,0.0,0,,0,100,2,False
demographic__ריבוי_טבעי_סה_כ_2006__annualized_change,demographic,annualized_change,False,0,0.0,0,,0,100,2,False
demographic__ריבוי_טבעי_לאלף_תושבים_2005_2006__annualized_change,demographic,annualized_change,False,0,0.0,0,,0,100,2,False
demographic__מאזן_הגירה_סה_כ_2006__annualized_change,demographic,annualized_change,False,0,0.0,0,,0,100,2,False
demographic__אחוז_עולי_1990_מסך_האוכלוסייה_2006__annualized_change,demographic,annualized_change,False,0,0.0,0,,0,100,2,False
demographic__אחוז_גידול_האוכלוסייה_בשנת_2006_לעומת_2005__annualized_change,demographic,annualized_change,False,0,0.0,0,,0,100,2,False
demographic__פטירות_תינוקות_ממוצע_2002_2006__annualized_change,demographic,annualized_change,False,0,0.0,0,,0,100,2,False
demographic__השתקעות_ראשונה_של_עולים_2006__annualized_change,demographic,annualized_change,False,0,0.0,0,,0,100,2,False
demographic__אחוז_עולים_בני_0_17_בהשתקעות_ראשונה_2006__annualized_change,demographic,annualized_change,False,0,0.0,0,,0,100,2,False
demographic__אחוז_עולים_בני_18_44_בהשתקעות_ראשונה_2006__annualized_change,demographic,annualized_change,False,0,0.0,0,,0,100,2,False
demographic__אחוז_עולים_בני_45_64_בהשתקעות_ראשונה_2006__annualized_change,demographic,annualized_change,False,0,0.0,0,,0,100,2,False
demographic__אחוז_עולים_בני_65_ומעלה_בהשתקעות_ראשונה_2006__annualized_change,demographic,annualized_change,False,0,0.0,0,,0,100,2,False
demographic__סה_כ_גברים_בסוף_2009_אלפים__annualized_change,demographic,annualized_change,False,0,0.0,0,,0,100,2,False
demographic__סה_כ_נשים_בסוף_2009_אלפים__annualized_change,demographic,annualized_change,False,0,0.0,0,,0,100,2,False
demographic__יחס_תלות_לאלף_תושבים_בלתי_תלויים_2009__annualized_change,demographic,annualized_change,False,0,0.0,0,,0,100,2,False
demographic__אחוז_בני_4_0_באוכלוסייה_בסוף_2009__annualized_change,demographic,annualized_change,False,0,0.0,0,,0,100,2,False
demographic__אחוז_בני_9_5_באוכלוסייה_בסוף_2009__annualized_change,demographic,annualized_change,False,0,0.0,0,,0,100,2,False
demographic__אחוז_בני_14_10_באוכלוסייה_בסוף_2009__annualized_change,demographic,annualized_change,False,0,0.0,0,,0,100,2,False
demographic__אחוז_בני_19_15_באוכלוסייה_בסוף_2009__annualized_change,demographic,annualized_change,False,0,0.0,0,,0,100,2,False
demographic__אחוז_בני_29_20_באוכלוסייה_בסוף_2009__annualized_change,demographic,annualized_change,False,0,0.0,0,,0,100,2,False
demographic__אחוז_בני_44_30_באוכלוסייה_בסוף_2009__annualized_change,demographic,annualized_change,False,0,0.0,0,,0,100,2,False
demographic__אחוז_בני_59_45_באוכלוסייה_בסוף_2009__annualized_change,demographic,annualized_change,False,0,0.0,0,,0,100,2,False
demographic__אחוז_בני_64_60_באוכלוסייה_בסוף_2009__annualized_change,demographic,annualized_change,False,0,0.0,0,,0,100,2,False
demographic__אחוז_בני_65_ומעלה_באוכלוסייה_בסוף_2009__annualized_change,demographic,annualized_change,False,0,0.0,0,,0,100,2,False
demographic__אחוז_בני_17_0_באוכלוסייה_בסוף_2009__annualized_change,demographic,annualized_change,False,0,0.0,0,,0,100,2,False
demographic__אחוז_בני_75_ומעלה_באוכלוסייה_בסוף_2009__annualized_change,demographic,annualized_change,False,0,0.0,0,,0,100,2,False
demographic__לידות_חי_2009__annualized_change,demographic,annualized_change,False,0,0.0,0,,0,100,2,False
demographic__פטירות_2009__annualized_change,demographic,annualized_change,False,0,0.0,0,,0,100,2,False
demographic__ריבוי_טבעי_סה_כ_2009__annualized_change,demographic,annualized_change,False,0,0.0,0,,0,100,2,False
demographic__ריבוי_טבעי_לאלף_תושבים_2009_2008__annualized_change,demographic,annualized_change,False,0,0.0,0,,0,100,2,False
demographic__מאזן_הגירה_סה_כ_2009__annualized_change,demographic,annualized_change,False,0,0.0,0,,0,100,2,False
demographic__אחוז_עולי_1990_מסך_האוכלוסייה_2009__annualized_change,demographic,annualized_change,False,0,0.0,0,,0,100,2,False
demographic__אחוז_גידול_האוכלוסייה_שנת_2009_לעומת_2008__annualized_change,demographic,annualized_change,False,0,0.0,0,,0,100,2,False
demographic__פטירות_תינוקות_ממוצע_2009_2005__annualized_change,demographic,annualized_change,False,0,0.0,0,,0,100,2,False
demographic__השתקעות_ראשונה_של_עולים_2009__annualized_change,demographic,annualized_change,False,0,0.0,0,,0,100,2,False
demographic__אחוז_עולים_בני_17_0_בהשתקעות_ראשונה_2009__annualized_change,demographic,annualized_change,False,0,0.0,0,,0,100,2,False
demographic__אחוז_עולים_בני_44_18_בהשתקעות_ראשונה_2009__annualized_change,demographic,annualized_change,False,0,0.0,0,,0,100,2,False
demographic__אחוז_עולים_בני_64_45_בהשתקעות_ראשונה_2009__annualized_change,demographic,annualized_change,False,0,0.0,0,,0,100,2,False
demographic__אחוז_עולים_בני_65_ומעלה_בהשתקעות_ראשונה_2009__annualized_change,demographic,annualized_change,False,0,0.0,0,,0,100,2,False
demographic__סה_כ_גברים_בסוף_2013_אלפים__annualized_change,demographic,annualized_change,False,0,0.0,0,,0,100,2,False
demographic__סה_כ_נשים_בסוף_2013_אלפים__annualized_change,demographic,annualized_change,False,0,0.0,0,,0,100,2,False
demographic__יחס_תלות_לאלף_תושבים_בלתי_תלויים_2013__annualized_change,demographic,annualized_change,False,0,0.0,0,,0,100,2,False
demographic__אחוז_בני_4_0_באוכלוסייה_בסוף_2013__annualized_change,demographic,annualized_change,False,0,0.0,0,,0,100,2,False
demographic__אחוז_בני_9_5_באוכלוסייה_בסוף_2013__annualized_change,demographic,annualized_change,False,0,0.0,0,,0,100,2,False
demographic__אחוז_בני_14_10_באוכלוסייה_בסוף_2013__annualized_change,demographic,annualized_change,False,0,0.0,0,,0,100,2,False
demographic__אחוז_בני_19_15_באוכלוסייה_בסוף_2013__annualized_change,demographic,annualized_change,False,0,0.0,0,,0,100,2,False
demographic__אחוז_בני_29_20_באוכלוסייה_בסוף_2013__annualized_change,demographic,annualized_change,False,0,0.0,0,,0,100,2,False
demographic__אחוז_בני_44_30_באוכלוסייה_בסוף_2013__annualized_change,demographic,annualized_change,False,0,0.0,0,,0,100,2,False
demographic__אחוז_בני_59_45_באוכלוסייה_בסוף_2013__annualized_change,demographic,annualized_change,False,0,0.0,0,,0,100,2,False
demographic__אחוז_בני_64_60_באוכלוסייה_בסוף_2013__annualized_change,demographic,annualized_change,False,0,0.0,0,,0,100,2,False
demographic__אחוז_בני_65_ומעלה_באוכלוסייה_בסוף_2013__annualized_change,demographic,annualized_change,False,0,0.0,0,,0,100,2,False
demographic__אחוז_בני_17_0_באוכלוסייה_בסוף_2013__annualized_change,demographic,annualized_change,False,0,0.0,0,,0,100,2,False
demographic__אחוז_בני_75_ומעלה_באוכלוסייה_בסוף_2013__annualized_change,demographic,annualized_change,False,0,0.0,0,,0,100,2,False
demographic__לידות_חי_2013__annualized_change,demographic,annualized_change,False,0,0.0,0,,0,100,2,False
demographic__פטירות_2013__annualized_change,demographic,annualized_change,False,0,0.0,0,,0,100,2,False
demographic__ריבוי_טבעי_סה_כ_2013__annualized_change,demographic,annualized_change,False,0,0.0,0,,0,100,2,False
demographic__ריבוי_טבעי_לאלף_תושבים_2013_2012__annualized_change,demographic,annualized_change,False,0,0.0,0,,0,100,2,False
demographic__מאזן_הגירה_סה_כ_2013__annualized_change,demographic,annualized_change,False,0,0.0,0,,0,100,2,False
demographic__אחוז_עולי_1990_מסך_האוכלוסייה_2013__annualized_change,demographic,annualized_change,False,0,0.0,0,,0,100,2,False
demographic__אחוז_גידול_האוכלוסייה_שנת_2013_לעומת_2012__annualized_change,demographic,annualized_change,False,0,0.0,0,,0,100,2,False
demographic__פטירות_תינוקות_ממוצע_2013_2009__annualized_change,demographic,annualized_change,False,0,0.0,0,,0,100,2,False
demographic__השתקעות_ראשונה_של_עולים_2013__annualized_change,demographic,annualized_change,False,0,0.0,0,,0,100,2,False
demographic__אחוז_עולים_בני_17_0_בהשתקעות_ראשונה_2013__annualized_change,demographic,annualized_change,False,0,0.0,0,,0,100,2,False
demographic__אחוז_עולים_בני_44_18_בהשתקעות_ראשונה_2013__annualized_change,demographic,annualized_change,False,0,0.0,0,,0,100,2,False
demographic__אחוז_עולים_בני_64_45_בהשתקעות_ראשונה_2013__annualized_change,demographic,annualized_change,False,0,0.0,0,,0,100,2,False
demographic__אחוז_עולים_בני_65_ומעלה_בהשתקעות_ראשונה_2013__annualized_change,demographic,annualized_change,False,0,0.0,0,,0,100,2,False
demographic__סה_כ_גברים_בסוף_2015_אלפים__annualized_change,demographic,annualized_change,False,0,0.0,0,,0,100,2,False
demographic__סה_כ_נשים_בסוף_2015_אלפים__annualized_change,demographic,annualized_change,False,0,0.0,0,,0,100,2,False
demographic__יחס_תלות_לאלף_תושבים_בלתי_תלויים_2015__annualized_change,demographic,annualized_change,False,0,0.0,0,,0,100,2,False
demographic__אחוז_בני_4_0_באוכלוסייה_בסוף_2015__annualized_change,demographic,annualized_change,False,0,0.0,0,,0,100,2,False
demographic__אחוז_בני_9_5_באוכלוסייה_בסוף_2015__annualized_change,demographic,annualized_change,False,0,0.0,0,,0,100,2,False
demographic__אחוז_בני_14_10_באוכלוסייה_בסוף_2015__annualized_change,demographic,annualized_change,False,0,0.0,0,,0,100,2,False
demographic__אחוז_בני_19_15_באוכלוסייה_בסוף_2015__annualized_change,demographic,annualized_change,False,0,0.0,0,,0,100,2,False
demographic__אחוז_בני_29_20_באוכלוסייה_בסוף_2015__annualized_change,demographic,annualized_change,False,0,0.0,0,,0,100,2,False
demographic__אחוז_בני_44_30_באוכלוסייה_בסוף_2015__annualized_change,demographic,annualized_change,False,0,0.0,0,,0,100,2,False
demographic__אחוז_בני_59_45_באוכלוסייה_בסוף_2015__annualized_change,demographic,annualized_change,False,0,0.0,0,,0,100,2,False
demographic__אחוז_בני_64_60_באוכלוסייה_בסוף_2015__annualized_change,demographic,annualized_change,False,0,0.0,0,,0,100,2,False
demographic__אחוז_בני_65_ומעלה_באוכלוסייה_בסוף_2015__annualized_change,demographic,annualized_change,False,0,0.0,0,,0,100,2,False
demographic__אחוז_בני_17_0_באוכלוסייה_בסוף_2015__annualized_change,demographic,annualized_change,False,0,0.0,0,,0,100,2,False
demographic__אחוז_בני_75_ומעלה_באוכלוסייה_בסוף_2015__annualized_change,demographic,annualized_change,False,0,0.0,0,,0,100,2,False
demographic__לידות_חי_2015__annualized_change,demographic,annualized_change,False,0,0.0,0,,0,100,2,False
demographic__פטירות_2015__annualized_change,demographic,annualized_change,False,0,0.0,0,,0,100,2,False
demographic__ריבוי_טבעי_סה_כ_2015__annualized_change,demographic,annualized_change,False,0,0.0,0,,0,100,2,False
demographic__ריבוי_טבעי_לאלף_תושבים_2015_2014__annualized_change,demographic,annualized_change,False,0,0.0,0,,0,100,2,False
demographic__מאזן_הגירה_סה_כ_2015__annualized_change,demographic,annualized_change,False,0,0.0,0,,0,100,2,False
demographic__אחוז_עולי_1990_מסך_האוכלוסייה_2015__annualized_change,demographic,annualized_change,False,0,0.0,0,,0,100,2,False
demographic__אחוז_גידול_האוכלוסייה_שנת_2015_לעומת_2014__annualized_change,demographic,annualized_change,False,0,0.0,0,,0,100,2,False
demographic__פטירות_תינוקות_ממוצע_2015_2011__annualized_change,demographic,annualized_change,False,0,0.0,0,,0,100,2,False
demographic__השתקעות_ראשונה_של_עולים_2015__annualized_change,demographic,annualized_change,False,0,0.0,0,,0,100,2,False
demographic__אחוז_עולים_בני_17_0_בהשתקעות_ראשונה_2015__annualized_change,demographic,annualized_change,False,0,0.0,0,,0,100,2,False
demographic__אחוז_עולים_בני_44_18_בהשתקעות_ראשונה_2015__annualized_change,demographic,annualized_change,False,0,0.0,0,,0,100,2,False
demographic__אחוז_עולים_בני_64_45_בהשתקעות_ראשונה_2015__annualized_change,demographic,annualized_change,False,0,0.0,0,,0,100,2,False
demographic__אחוז_עולים_בני_65_ומעלה_בהשתקעות_ראשונה_2015__annualized_change,demographic,annualized_change,False,0,0.0,0,,0,100,2,False
demographic__צפיפות_אוכלוסייה_לקמ_ר_ביישובים_שמנו_5_000_תושבים_ויותר__annualized_change,demographic,annualized_change,False,159,0.016832521702307854,158,620.1663859005416,1,100,2,False
demographic__סה_כ_אוכלוסייה_בסוף_השנה__annualized_change,demographic,annualized_change,False,190,0.020114334109676054,187,7288.613337250776,1,100,2,False
demographic__סך_כל_הישראלים__annualized_change,demographic,annualized_change,False,0,0.0,0,,0,100,2,False
demographic__יהודים_ואחרים_אחוזים_מתוך_כלל_אוכלוסיית_הישראלים__annualized_change,demographic,annualized_change,True,109,0.011539275883972052,24,1.0780830195035511,1,100,2,False
demographic__יהודים_אחוזים_מתוך_יהודים_ואחרים__annualized_change,demographic,annualized_change,True,109,0.011539275883972052,41,0.8417182642817109,1,100,2,False
demographic__ערבים_אחוזים_מתוך_כלל_אוכלוסיית_הישראלים__annualized_change,demographic,annualized_change,True,0,0.0,0,,0,100,2,False
demographic__מוסלמים_אחוזים_מתוך_האוכלוסייה_הערבית__annualized_change,demographic,annualized_change,True,0,0.0,0,,0,100,2,False
demographic__נוצרים_אחוזים_מתוך_האוכלוסייה_הערבית__annualized_change,demographic,annualized_change,True,0,0.0,0,,0,100,2,False
demographic__סה_כ_גברים_בסוף_השנה__annualized_change,demographic,annualized_change,False,190,0.020114334109676054,184,4030.179802605033,1,100,2,False
demographic__סה_כ_נשים_בסוף_השנה__annualized_change,demographic,annualized_change,False,190,0.020114334109676054,185,3284.6522374051438,1,100,2,False
demographic__אחוז_באוכלוסייה_בסוף_השנה_בני_4_0__annualized_change,demographic,annualized_change,False,190,0.020114334109676054,156,0.7540051122327899,1,100,2,False
demographic__אחוז_באוכלוסייה_בסוף_השנה_בני_9_5__annualized_change,demographic,annualized_change,False,190,0.020114334109676054,155,0.7172829643985908,1,100,2,False
demographic__אחוז_באוכלוסייה_בסוף_השנה_בני_14_10__annualized_change,demographic,annualized_change,False,190,0.020114334109676054,157,0.6715965259163768,1,100,2,False
demographic__אחוז_באוכלוסייה_בסוף_השנה_בני_19_15__annualized_change,demographic,annualized_change,False,190,0.020114334109676054,168,1.0387763992726642,1,100,2,False
demographic__אחוז_באוכלוסייה_בסוף_השנה_בני_29_20__annualized_change,demographic,annualized_change,False,190,0.020114334109676054,174,1.3530582015558494,1,100,2,False
demographic__אחוז_באוכלוסייה_בסוף_השנה_בני_44_30__annualized_change,demographic,annualized_change,False,190,0.020114334109676054,161,1.2287314856267577,1,100,2,False
demographic__אחוז_באוכלוסייה_בסוף_השנה_בני_59_45__annualized_change,demographic,annualized_change,False,190,0.020114334109676054,169,0.9617056519899113,1,100,2,False
demographic__אחוז_באוכלוסייה_בסוף_השנה_בני_64_60__annualized_change,demographic,annualized_change,False,190,0.020114334109676054,155,0.5626022602675406,1,100,2,False
demographic__אחוז_באוכלוסייה_בסוף_השנה_בני_65_ומעלה__annualized_change,demographic,annualized_change,False,190,0.020114334109676054,169,0.9833593670002965,1,100,2,False
demographic__אחוז_באוכלוסייה_בסוף_השנה_בני_17_0__annualized_change,demographic,annualized_change,False,190,0.020114334109676054,175,1.6200182004058896,1,100,2,False
demographic__אחוז_באוכלוסייה_בסוף_השנה_בני_75_ומעלה__annualized_change,demographic,annualized_change,False,190,0.020114334109676054,171,0.7033599911009957,1,100,2,False
demographic__יחס_תלות_ל_1_000_תושבים_בלתי_תלויים__annualized_change,demographic,annualized_change,False,190,0.020114334109676054,186,71.08011936133094,1,100,2,False
demographic__שיעור_פריון_כולל__annualized_change,demographic,annualized_change,False,131,0.013868304044039804,96,0.26913765859105115,1,100,2,False
demographic__פטירות_תינוקות_ממוצע__annualized_change,demographic,annualized_change,False,151,0.015985602371374127,55,1.3225742508481795,1,100,2,False
demographic__שיעור_פטירות_מתוקנן_ל_1_000_תושבים__annualized_change,demographic,annualized_change,False,178,0.01884395511327546,122,0.4346110824539695,1,100,2,False
demographic__ריבוי_טבעי_ל_1_000_תושבים__annualized_change,demographic,annualized_change,False,190,0.020114334109676054,176,2.297193694357468,1,100,2,False
demographic__אחוז_גידול_האוכלוסייה_לעומת_השנה_הקודמת__annualized_change,demographic,annualized_change,False,190,0.020114334109676054,171,3.4897087355988563,1,100,2,False
demographic__אחוז_עולים_בהשתקעות_ראשונה_בני_17_0__annualized_change,demographic,annualized_change,False,101,0.010692356553038324,98,18.384444599381368,1,100,2,False
demographic__אחוז_עולים_בהשתקעות_ראשונה_בני_44_18__annualized_change,demographic,annualized_change,False,110,0.011645140800338767,98,14.60798007745377,1,100,2,False
demographic__אחוז_עולים_בהשתקעות_ראשונה_בני_64_45__annualized_change,demographic,annualized_change,False,112,0.011856870633072199,91,14.466124966597931,1,100,2,False
demographic__אחוז_עולים_בהשתקעות_ראשונה_בני_65_ומעלה__annualized_change,demographic,annualized_change,False,110,0.011645140800338767,91,12.908330082596581,1,100,2,False
demographic__מאזן_הגירה_ביישוב_סה_כ__annualized_change,demographic,annualized_change,False,188,0.019902604276942622,159,934.6158833825424,1,100,2,False
demographic__מאזן_הגירה_פנימית__annualized_change,demographic,annualized_change,False,183,0.01937327969510904,159,800.751698050765,1,100,2,False
demographic__נכנסים_מיישובים_אחרים_סה_כ__annualized_change,demographic,annualized_change,False,185,0.01958500952784247,151,710.5988521880015,1,100,2,False
demographic__נכנסים_מיישובים_אחרים_גברים__annualized_change,demographic,annualized_change,False,183,0.01937327969510904,131,363.7789894779689,1,100,2,False
demographic__נכנסים_מיישובים_אחרים_נשים__annualized_change,demographic,annualized_change,False,185,0.01958500952784247,138,351.7139745005726,1,100,2,False
demographic__נכנסים_מיישובים_אחרים_עד_גיל_14__annualized_change,demographic,annualized_change,False,182,0.019267414778742324,125,289.16311302038065,1,100,2,False
demographic__נכנסים_מיישובים_אחרים_גיל_29_15__annualized_change,demographic,annualized_change,False,183,0.01937327969510904,112,215.97481176711466,1,100,2,False
demographic__נכנסים_מיישובים_אחרים_גיל_64_30__annualized_change,demographic,annualized_change,False,183,0.01937327969510904,120,263.4577171280921,1,100,2,False
demographic__נכנסים_מיישובים_אחרים_גיל_65_ומעלה__annualized_change,demographic,annualized_change,False,109,0.011539275883972052,60,37.64294084662806,1,100,2,False
demographic__יוצאים_ליישובים_אחרים_סה_כ__annualized_change,demographic,annualized_change,False,190,0.020114334109676054,135,454.5112338653803,1,100,2,False
demographic__יוצאים_ליישובים_אחרים_גברים__annualized_change,demographic,annualized_change,False,185,0.01958500952784247,116,259.1374681121073,1,100,2,False
demographic__יוצאים_ליישובים_אחרים_נשים__annualized_change,demographic,annualized_change,False,187,0.019796739360575907,117,204.10541495231635,1,100,2,False
demographic__יוצאים_ליישובים_אחרים_עד_גיל_14__annualized_change,demographic,annualized_change,False,181,0.01916154986237561,99,155.69159181477036,1,100,2,False
demographic__יוצאים_ליישובים_אחרים_גיל_29_15__annualized_change,demographic,annualized_change,False,187,0.019796739360575907,109,140.26215136573504,1,100,2,False
demographic__יוצאים_ליישובים_אחרים_גיל_64_30__annualized_change,demographic,annualized_change,False,183,0.01937327969510904,108,215.84812850695639,1,100,2,False
demographic__יוצאים_ליישובים_אחרים_גיל_65_ומעלה__annualized_change,demographic,annualized_change,False,114,0.012068600465805632,55,23.08781996038627,1,100,2,False
demographic__הגירה_בתוך_הרשות_המקומית__annualized_change,demographic,annualized_change,False,148,0.01566800762227398,139,687.7437118050686,1,100,2,False
demographic__נישאים_סה_כ_גברים_ונשים__annualized_change,demographic,annualized_change,False,190,0.020114334109676054,105,85.486947938805,1,100,2,False
demographic__נישאים_שיעור_ל_1_000_תושבים_לא_נשואים_בני_15_ומעלה__annualized_change,demographic,annualized_change,False,190,0.020114334109676054,153,7.887189875523069,1,100,2,False
demographic__מתגרשים_סה_כ_גברים_ונשים__annualized_change,demographic,annualized_change,False,189,0.020008469193309338,74,46.915419906615675,1,100,2,False
demographic__מתגרשים_שיעור_ל_1_000_תושבים_נשואים_בני_15_ומעלה__annualized_change,demographic,annualized_change,False,185,0.01958500952784247,108,2.2291477045805337,1,100,2,False
demographic__יהודים_ואחרים_אחוזים__annualized_change,demographic,annualized_change,True,0,0.0,0,,0,100,2,False
income__שכר_ממוצע_לחודש_של_שכירים_ש_ח_כלל_השכירים__annualized_change,income,annualized_change,False,1547,0.16377302561930976,1257,343.35130886740484,7,100,2,True
income__שכר_ממוצע_לחודש_של_שכירים_ש_ח_גברים__annualized_change,income,annualized_change,False,1547,0.16377302561930976,1261,542.4460861292972,7,100,2,True
income__שכר_ממוצע_לחודש_של_שכירים_ש_ח_נשים__annualized_change,income,annualized_change,False,1547,0.16377302561930976,1248,191.5524756391666,7,100,2,True
income__אחוז_שינוי_ריאלי_לעומת_השנה_הקודמת_של_שכר_ממוצע_לחודש_של_שכירים_כלל_השכירים__annualized_change,income,annualized_change,False,1353,0.14323523184416684,858,2.096783938824565,7,100,2,True
income__אחוז_שינוי_ריאלי_לעומת_השנה_הקודמת_של_שכר_ממוצע_לחודש_של_שכירים_גברים__annualized_change,income,annualized_change,False,1350,0.1429176370950667,872,2.1396912306738547,7,100,2,True
income__אחוז_שינוי_ריאלי_לעומת_השנה_הקודמת_של_שכר_ממוצע_לחודש_של_שכירים_נשים__annualized_change,income,annualized_change,False,1353,0.14323523184416684,884,3.3943896513762275,7,100,2,True
income__מספר_השכירים__annualized_change,income,annualized_change,False,1350,0.1429176370950667,958,972.3359388439376,7,100,2,True
income__אחוז_השכירים_המשתכרים_עד_שכר_מינימום__annualized_change,income,annualized_change,False,1350,0.1429176370950667,458,1.3155267493308578,7,100,2,True
income__מספר_העצמאים__annualized_change,income,annualized_change,False,1350,0.1429176370950667,476,122.34884047136907,7,100,2,True
income__הכנסה_ממוצעת_לחודש_של_העצמאים_ש_ח__annualized_change,income,annualized_change,False,1357,0.1436586915096337,1061,412.93880178696367,7,100,2,True
income__אחוז_שינוי_ריאלי_של_הכנסה_ממוצעת_לחודש_של_העצמאים_לעומת_השנה_הקודמת__annualized_change,income,annualized_change,False,1354,0.14334109676053355,951,4.642016301308007,7,100,2,True
income__אחוז_העצמאים_המשתכרים_עד_מחצית_השכר_הממוצע__annualized_change,income,annualized_change,False,1357,0.1436586915096337,563,2.5492264737395067,7,100,2,True
income__מדד_אי_השוויון_שכירים_מדד_ג_יני_0_שוויון_מלא__annualized_change,income,annualized_change,False,1357,0.1436586915096337,50,0.017750369169969284,7,100,2,True
income__כלל_בעלי_הכנסה_מספר__annualized_change,income,annualized_change,False,0,0.0,0,,0,100,2,False
income__כלל_בעלי_הכנסה_שכר_ממוצע__annualized_change,income,annualized_change,False,0,0.0,0,,0,100,2,False
income__גברים_מספר_בעלי_הכנסה__annualized_change,income,annualized_change,False,0,0.0,0,,0,100,2,False
income__גברים_שכר_ממוצע__annualized_change,income,annualized_change,False,0,0.0,0,,0,100,2,False
income__נשים_מספר_בעלי_הכנסה__annualized_change,income,annualized_change,False,0,0.0,0,,0,100,2,False
income__נשים_שכר_ממוצע__annualized_change,income,annualized_change,False,0,0.0,0,,0,100,2,False
income__בעלי_הכנסה_משכר_מספר__annualized_change,income,annualized_change,False,0,0.0,0,,0,100,2,False
income__בעלי_הכנסה_משכר_שכר_ממוצע__annualized_change,income,annualized_change,False,0,0.0,0,,0,100,2,False
income__בעלי_הכנסה_עסקית_מספר__annualized_change,income,annualized_change,False,0,0.0,0,,0,100,2,False
income__בעלי_הכנסה_עסקית_שכר_ממוצע__annualized_change,income,annualized_change,False,0,0.0,0,,0,100,2,False
income__בעלי_הכנסה_משכר_ועסקית_מספר__annualized_change,income,annualized_change,False,0,0.0,0,,0,100,2,False
income__בעלי_הכנסה_משכר_ועסקית_שכר_ממוצע__annualized_change,income,annualized_change,False,0,0.0,0,,0,100,2,False
income__שכירים_השתכרים_מתחת_לשכר_המינימום_מספר__annualized_change,income,annualized_change,False,0,0.0,0,,0,100,2,False
unemployment__מקבלי_דמי_אבטלה_ממוצע_חודשי_סה_כ__annualized_change,unemployment,annualized_change,False,1557,0.16483167478297692,567,1607.5219902266956,7,100,2,True
unemployment__מקבלי_דמי_אבטלה_ממוצע_חודשי_גברים__annualized_change,unemployment,annualized_change,False,1547,0.16377302561930976,478,796.2228312230043,7,100,2,True
unemployment__גיל_ממוצע_של_מקבלי_דמי_אבטלה_לא_כולל_חיילים__annualized_change,unemployment,annualized_change,False,1565,0.16567859411391064,356,1.3070680043948626,7,100,2,True
unemployment__דמי_אבטלה_ממוצעים_ליום_ש_ח__annualized_change,unemployment,annualized_change,False,1565,0.16567859411391064,455,16.911889229650182,7,100,2,True
unemployment__מקבלי_הכשרה_מקצועית_סה_כ__annualized_change,unemployment,annualized_change,False,0,0.0,0,,0,100,2,False
unemployment__מקבלי_קצבאות_זקנה_ושאירים_סה_כ_סוף_שנה__annualized_change,unemployment,annualized_change,False,1540,0.16303197120474275,662,340.10240744765525,7,100,2,True
unemployment__אחוז_מקבלי_השלמת_הכנסה_מבין_מקבלי_קצבאות_זקנה_ושאירים_סוף_שנה__annualized_change,unemployment,annualized_change,False,1540,0.16303197120474275,962,1.026871912809222,7,100,2,True
unemployment__מקבלי_גמלת_הבטחת_הכנסה_נפשות_במשך_השנה__annualized_change,unemployment,annualized_change,False,1465,0.15509210247723904,764,282.1924879561589,7,100,2,True
unemployment__מקבלי_גמלאות_סיעוד_סוף_שנה__annualized_change,unemployment,annualized_change,False,1534,0.16239678170654245,496,156.01797567101357,7,100,2,True
unemployment__מקבלי_גמלאות_נכות_כללית_סוף_שנה__annualized_change,unemployment,annualized_change,False,1541,0.16313783612110946,442,67.38428098656786,7,100,2,True
unemployment__מקבלי_גמלאות_ניידות_סוף_שנה__annualized_change,unemployment,annualized_change,False,1540,0.16303197120474275,186,10.122630781979673,7,100,2,True
unemployment__מקבלי_גמלאות_נכות_מעבודה_ותלויים_סוף_שנה__annualized_change,unemployment,annualized_change,False,1526,0.16154986237560873,196,10.942552800467064,7,100,2,True
unemployment__אחוז_המבוטחים_בקופ_ח_מתוך_סך_כל_המבוטחים_כללית__annualized_change,unemployment,annualized_change,False,1538,0.16282024137200932,411,0.7967515496725845,7,100,2,True
unemployment__אחוז_המבוטחים_בקופ_ח_מתוך_סך_כל_המבוטחים_מכבי__annualized_change,unemployment,annualized_change,False,1534,0.16239678170654245,408,0.5288897536974427,7,100,2,True
unemployment__אחוז_המבוטחים_בקופ_ח_מתוך_סך_כל_המבוטחים_מאוחדת__annualized_change,unemployment,annualized_change,True,1532,0.16218505187380902,404,0.7906493059020482,7,100,2,True
unemployment__אחוז_המבוטחים_בקופ_ח_מתוך_סך_כל_המבוטחים_לאומית__annualized_change,unemployment,annualized_change,False,1528,0.16176159220834216,394,0.6438249911481762,7,100,2,True
unemployment__מספר_משפחות_של_מקבלי_קצבאות_בגין_ילדים_סוף_שנה_סה_כ__annualized_change,unemployment,annualized_change,False,1546,0.16366716070294304,686,246.70694379475754,7,100,2,True
unemployment__מספר_משפחות_של_מקבלי_קצבאות_בגין_ילדים_סוף_שנה_עם_2_1_ילדים_במשפחה__annualized_change,unemployment,annualized_change,False,1546,0.16366716070294304,616,127.62892454059819,7,100,2,True
unemployment__מספר_משפחות_של_מקבלי_קצבאות_בגין_ילדים_סוף_שנה_עם_4_3_ילדים_במשפחה__annualized_change,unemployment,annualized_change,False,1546,0.16366716070294304,554,113.32669148646107,7,100,2,True
unemployment__מספר_משפחות_של_מקבלי_קצבאות_בגין_ילדים_סוף_שנה_עם_5_ילדים_ויותר_במשפחה__annualized_change,unemployment,annualized_change,False,1497,0.15847977980097397,345,40.472104444243186,7,100,2,True
unemployment__מספר_ילדים_שבגינם_שולמו_קצבאות_סה_כ__annualized_change,unemployment,annualized_change,False,1546,0.16366716070294304,940,704.6922048184761,7,100,2,True
unemployment__מספר_ילדים_שבגינם_שולמו_קצבאות_במשפחות_עם_2_1_ילדים__annualized_change,unemployment,annualized_change,False,1546,0.16366716070294304,750,202.67534252158282,7,100,2,True
unemployment__מספר_ילדים_שבגינם_שולמו_קצבאות_במשפחות_עם_4_3_ילדים__annualized_change,unemployment,annualized_change,False,1546,0.16366716070294304,908,378.5164311038861,7,100,2,True
unemployment__מספר_ילדים_שבגינם_שולמו_קצבאות_במשפחות_עם_5_ילדים_ויותר__annualized_change,unemployment,annualized_change,False,1545,0.16356129578657633,734,248.81126841102886,7,100,2,True
unemployment__מספר_מקבלי_דמי_אבטלה_סה_כ_שנתי__annualized_change,unemployment,annualized_change,False,224,0.023713741266144398,218,7578.174965377456,1,100,2,False
unemployment__אחוז_מקבלי_דמי_אבטלה_מבני_67_20_שנתי__annualized_change,unemployment,annualized_change,False,224,0.023713741266144398,213,3.766203986877495,1,100,2,False
unemployment__אחוז_מקבלי_דמי_אבטלה_מבני_67_20_ממוצע_חודשי__annualized_change,unemployment,annualized_change,False,223,0.023607876349777682,201,2.0436192558965436,1,100,2,False
unemployment__ימי_זכאות_לדמי_אבטלה_ממוצע_שנתי__annualized_change,unemployment,annualized_change,False,224,0.023713741266144398,213,6.11144019959786,1,100,2,False
unemployment__ניצול_ימי_אבטלה_בשנה_ממוצע_שנתי__annualized_change,unemployment,annualized_change,False,224,0.023713741266144398,214,9.41117819829573,1,100,2,False
unemployment__ניצול_ימי_אבטלה_בשנה_חציון_שנתי__annualized_change,unemployment,annualized_change,False,224,0.023713741266144398,85,16.731881921581095,1,100,2,False
education__ילדים_בגנים_של_משרד_החינוך_סה_כ_תשע_ו_2015_16__annualized_change,education,annualized_change,False,0,0.0,0,,0,100,2,False
education__ילדים_בגנים_של_משרד_החינוך_גיל_3_תשע_ו_2015_16__annualized_change,education,annualized_change,False,0,0.0,0,,0,100,2,False
education__ילדים_בגנים_של_משרד_החינוך_גיל_4_תשע_ו_2015_16__annualized_change,education,annualized_change,False,0,0.0,0,,0,100,2,False
education__ילדים_בגנים_של_משרד_החינוך_גיל_5_תשע_ו_2015_16__annualized_change,education,annualized_change,False,0,0.0,0,,0,100,2,False
education__ילדים_בגנים_של_משרד_החינוך_גיל_6_תשע_ו_2015_16__annualized_change,education,annualized_change,False,0,0.0,0,,0,100,2,False
education__בתי_ספר_סה_כ_תשע_ו_2015_16__annualized_change,education,annualized_change,False,0,0.0,0,,0,100,2,False
education__בתי_ספר_יסודיים_כולל_חינוך_מיוחד_תשע_ו_2015_16__annualized_change,education,annualized_change,False,0,0.0,0,,0,100,2,False
education__בתי_ספר_על_יסודיים_תשע_ו_2015_16__annualized_change,education,annualized_change,False,0,0.0,0,,0,100,2,False
education__בתי_ספר_תיכוניים_תשע_ו_2015_16__annualized_change,education,annualized_change,False,0,0.0,0,,0,100,2,False
education__כיתות_סה_כ_תשע_ו_2015_16__annualized_change,education,annualized_change,False,0,0.0,0,,0,100,2,False
education__כיתות_בבתי_ספר_יסודיים_כולל_חינוך_מיוחד_תשע_ו_2015_16__annualized_change,education,annualized_change,False,0,0.0,0,,0,100,2,False
education__כיתות_בבתי_ספר_על_יסודיים_תשע_ו_2015_16__annualized_change,education,annualized_change,False,0,0.0,0,,0,100,2,False
education__כיתות_בחטיבות_ביניים_תשע_ו_2015_16__annualized_change,education,annualized_change,False,0,0.0,0,,0,100,2,False
education__כיתות_בבתי_ספר_תיכוניים_תשע_ו_2015_16__annualized_change,education,annualized_change,False,0,0.0,0,,0,100,2,False
education__תלמידים_סה_כ_תשע_ו_2015_16__annualized_change,education,annualized_change,False,0,0.0,0,,0,100,2,False
education__תלמידים_בבתי_ספר_יסודיים_כולל_חינוך_מיוחד_תשע_ו_2015_16__annualized_change,education,annualized_change,False,0,0.0,0,,0,100,2,False
education__תלמידים_בבתי_ספר_על_יסודיים_תשע_ו_2015_16__annualized_change,education,annualized_change,False,0,0.0,0,,0,100,2,False
education__תלמידים_בחטיבות_ביניים_תשע_ו_2015_16__annualized_change,education,annualized_change,False,0,0.0,0,,0,100,2,False
education__תלמידים_בבתי_ספר_תיכוניים_תשע_ו_2015_16__annualized_change,education,annualized_change,False,0,0.0,0,,0,100,2,False
education__ממוצע_תלמידים_לכיתה_סה_כ_תשע_ו_2015_16__annualized_change,education,annualized_change,False,0,0.0,0,,0,100,2,False
education__ממוצע_תלמידים_לכיתה_בבתי_ספר_יסודיים_כולל_חינוך_מיוחד_תשע_ו_2015_16__annualized_change,education,annualized_change,False,0,0.0,0,,0,100,2,False
education__ממוצע_תלמידים_לכיתה_בבתי_ספר_על_יסודיים_תשע_ו_2015_16__annualized_change,education,annualized_change,False,0,0.0,0,,0,100,2,False
education__ממוצע_תלמידים_לכיתה_בחטיבות_ביניים_תשע_ו_2015_16__annualized_change,education,annualized_change,False,0,0.0,0,,0,100,2,False
education__ממוצע_תלמידים_לכיתה_בבתי_ספר_תיכוניים_תשע_ו_2015_16__annualized_change,education,annualized_change,False,0,0.0,0,,0,100,2,False
education__אחוז_זכאים_לתעודת_בגרות_מבין_תלמידי_כיתות_יב_תשע_ו_2015_16__annualized_change,education,annualized_change,True,0,0.0,0,,0,100,2,False
education__אחוז_זכאים_לתעודת_בגרות_שעמדו_בדרישות_הסף_של_האוניברסיטאות_מבין_תלמידי_כיתות_יב_תשע_ו_2015_16__annualized_change,education,annualized_change,True,0,0.0,0,,0,100,2,False
education__ילדים_בגנים_של_משרד_החינוך_סה_כ__annualized_change,education,annualized_change,False,201,0.02127884818970993,124,135.98002615251184,1,100,2,False
education__ילדים_בגנים_של_משרד_החינוך_גיל_3__annualized_change,education,annualized_change,False,201,0.02127884818970993,103,78.95959417599492,1,100,2,False
education__ילדים_בגנים_של_משרד_החינוך_גיל_4__annualized_change,education,annualized_change,False,201,0.02127884818970993,105,46.524628902629225,1,100,2,False
education__ילדים_בגנים_של_משרד_החינוך_גיל_5__annualized_change,education,annualized_change,False,201,0.02127884818970993,110,63.49828688878893,1,100,2,False
education__ילדים_בגנים_של_משרד_החינוך_גיל_6__annualized_change,education,annualized_change,False,179,0.018949820029642177,47,22.490713948706496,1,100,2,False
education__בתי_ספר_סה_כ__annualized_change,education,annualized_change,False,200,0.021172983273343216,9,2.1795705169117547,1,100,2,False
education__בתי_ספר_יסודיים__annualized_change,education,annualized_change,False,199,0.0210671183569765,7,1.2187726745133822,1,100,2,False
education__בתי_ספר_על_יסודיים__annualized_change,education,annualized_change,False,186,0.019690874444209187,10,1.5376416231085663,1,100,2,False
education__בתי_ספר_חטיבות_ביניים__annualized_change,education,annualized_change,False,175,0.018526360364175314,6,0.4466992611198925,1,100,2,False
education__בתי_ספר_תיכוניים__annualized_change,education,annualized_change,False,177,0.018738090196908745,8,1.3271153807008893,1,100,2,False
education__כיתות_סה_כ__annualized_change,education,annualized_change,False,199,0.0210671183569765,47,18.140065505653862,1,100,2,False
education__כיתות_בבתי_ספר_יסודיים__annualized_change,education,annualized_change,False,199,0.0210671183569765,38,10.173463791376122,1,100,2,False
education__כיתות_בבתי_ספר_על_יסודיים__annualized_change,education,annualized_change,False,186,0.019690874444209187,31,9.384017217267496,1,100,2,False
education__כיתות_בחטיבות_ביניים__annualized_change,education,annualized_change,False,175,0.018526360364175314,15,2.493380398737401,1,100,2,False
education__כיתות_בבתי_ספר_תיכוניים__annualized_change,education,annualized_change,False,177,0.018738090196908745,23,8.469241001606777,1,100,2,False
education__תלמידים_סה_כ__annualized_change,education,annualized_change,False,199,0.0210671183569765,150,502.43130963594643,1,100,2,False
education__תלמידים_בבתי_ספר_יסודיים__annualized_change,education,annualized_change,False,199,0.0210671183569765,139,312.17786726660546,1,100,2,False
education__תלמידים_בבתי_ספר_על_יסודיים__annualized_change,education,annualized_change,False,186,0.019690874444209187,140,215.92705265033322,1,100,2,False
education__תלמידים_בחטיבות_ביניים__annualized_change,education,annualized_change,False,175,0.018526360364175314,113,64.11545261766322,1,100,2,False
education__תלמידים_בבתי_ספר_תיכוניים__annualized_change,education,annualized_change,False,177,0.018738090196908745,120,192.75350156398503,1,100,2,False
education__ממוצע_תלמידים_לכיתה_בבתי_ספר_יסודיים__annualized_change,education,annualized_change,False,201,0.02127884818970993,149,0.7447899533605874,1,100,2,False
education__אחוז_תלמידים_נושרים_סה_כ__annualized_change,education,annualized_change,False,166,0.017573576116874868,136,0.8428830307806346,1,100,2,False
education__אחוז_תלמידים_נושרים_בנים__annualized_change,education,annualized_change,False,116,0.012280330298539064,103,1.071284059076949,1,100,2,False
education__אחוז_תלמידים_נושרים_בנות__annualized_change,education,annualized_change,False,109,0.011539275883972052,89,0.6066536443808532,1,100,2,False
education__אחוז_זכאים_לתעודת_בגרות_מבין_תלמידי_כיתות_יב__annualized_change,education,annualized_change,True,195,0.020643658691509633,192,5.742210587564019,1,100,2,False
education__אחוז_זכאים_לתעודת_בגרות_שעמדו_בדרישות_הסף_של_האוניברסיטאות_מבין_תלמידי_כיתות_יב__annualized_change,education,annualized_change,True,195,0.020643658691509633,194,5.346900342491432,1,100,2,False
education__השכלה_גבוהה_אחוז_בעלי_תארים_מישראל_מתוך_אוכלוסיית_בני_55_35__annualized_change,education,annualized_change,False,201,0.02127884818970993,152,0.5489071004961809,1,100,2,False
education__השכלה_גבוהה_אחוז_הנכנסים_להשכלה_גבוהה_בתוך_8_שנים_בקרב_תלמידי_יב__annualized_change,education,annualized_change,False,156,0.016514926953207706,126,6.858462620149894,1,100,2,False
education__השכלה_גבוהה_אחוז_סטודנטים_מתוך_אוכלוסיית_בני_25_20__annualized_change,education,annualized_change,False,201,0.02127884818970993,189,2.214205834517636,1,100,2,False
education__השכלה_גבוהה_אחוז_סטודנטים_מתוך_כלל_האוכלוסייה__annualized_change,education,annualized_change,False,201,0.02127884818970993,117,0.4494591332232678,1,100,2,False
education__עובדי_הוראה_מספר_עובדי_הוראה__annualized_change,education,annualized_change,False,185,0.01958500952784247,89,69.48799319731356,1,100,2,False
education__עובדי_הוראה_ממוצע_שעות_עבודה_לשבוע__annualized_change,education,annualized_change,False,185,0.01958500952784247,54,0.6508274584930742,1,100,2,False
education__עובדי_הוראה_אחוז_עובדי_הוראה_חדשים__annualized_change,education,annualized_change,False,183,0.01937327969510904,170,2.369856828911701,1,100,2,False
education__עובדי_הוראה_אחוז_שעות_היעדרות_מסך_שעות_עבודה_שנתיות__annualized_change,education,annualized_change,False,185,0.01958500952784247,66,1.0902228127468285,1,100,2,False
education__עובדי_הוראה_ממוצע_שנות_ותק_מוכרות_בהוראה__annualized_change,education,annualized_change,False,185,0.01958500952784247,51,0.4845515935052814,1,100,2,False
education__עובדי_הוראה_אחוז_בעלי_דרגת_שכר_תואר_שני_ומעלה__annualized_change,education,annualized_change,False,185,0.01958500952784247,181,11.588697412833099,1,100,2,False
education__עובדי_הוראה_אחוז_עובדי_הוראה_משתלמים_מכלל_עובדי_הוראה__annualized_change,education,annualized_change,False,185,0.01958500952784247,183,39.66258662654698,1,100,2,False
education__עובדי_הוראה_ממוצע_תלמידים_למורה__annualized_change,education,annualized_change,False,184,0.019479144611475756,160,2.6368744299502125,1,100,2,False
education__עובדי_הוראה_ממוצע_שעות_עבודה_שבועיות_לתלמיד__annualized_change,education,annualized_change,False,184,0.019479144611475756,128,0.505086129387168,1,100,2,False
demographic__snapshot_age_years,demographic,snapshot_recency,False,1635,0.17308913825958078,10,2.0121072454913467,8,150,2,True
demographic__snapshot_interval_years,demographic,snapshot_interval,False,1394,0.1475756934152022,5,1.0379957800127737,7,150,2,True
income__snapshot_age_years,income,snapshot_recency,False,1796,0.19013338979462205,15,1.4311945479641262,8,150,2,True
income__snapshot_interval_years,income,snapshot_interval,False,1566,0.16578445903027736,4,1.01743639630958,7,150,2,True
unemployment__snapshot_age_years,unemployment,snapshot_recency,False,1819,0.19256828287105654,14,1.9061627760295097,8,150,2,True
unemployment__snapshot_interval_years,unemployment,snapshot_interval,False,1565,0.16567859411391064,4,1.0298011592497178,7,150,2,True
education__snapshot_age_years,education,snapshot_recency,False,603,0.0638365445691298,2,0.9435917806472194,3,150,2,True
education__snapshot_interval_years,education,snapshot_interval,False,402,0.04255769637941986,2,1.0012461064024343,2,150,2,True
locality_type__צורת_יישוב,locality_type,static_identity,True,9410,0.9961888630107982,25,67.05659393092893,8,500,1,True
locality_type__type__Arab/Non-Jewish,locality_type,static_identity,True,9410,0.9961888630107982,2,0.2741168218147511,8,500,1,True
locality_type__type__Cities,locality_type,static_identity,True,9410,0.9961888630107982,2,0.35153461502140765,8,500,1,True
locality_type__type__Kibbutzim,locality_type,static_identity,True,9410,0.9961888630107982,2,0.41482741841586945,8,500,1,True
locality_type__type__Moshavim,locality_type,static_identity,True,9410,0.9961888630107982,2,0.4851800689153143,8,500,1,True
locality_type__type__other,locality_type,static_identity,True,9410,0.9961888630107982,2,0.37900712276327003,8,500,1,True
"locality_type__סוג_יישוב__יישובים יהודיים 19,999-10,000 תושבים",locality_type,static_identity,True,9410,0.9961888630107982,2,0.11584017925234104,8,500,1,True
"locality_type__סוג_יישוב__יישובים יהודיים 1999,999-100,000 תושבים",locality_type,static_identity,True,9410,0.9961888630107982,2,0.0871418221838282,8,500,1,True
"locality_type__סוג_יישוב__יישובים יהודיים 4,999-2,000 תושבים",locality_type,static_identity,True,9410,0.9961888630107982,2,0.20767631054448846,8,500,1,True
"locality_type__סוג_יישוב__יישובים יהודיים 49,999-20,000 תושבים",locality_type,static_identity,True,9410,0.9961888630107982,2,0.17682109219608477,8,500,1,True
"locality_type__סוג_יישוב__יישובים יהודיים 499,999-200,000 תושבים",locality_type,static_identity,True,9410,0.9961888630107982,2,0.0821932833373407,8,500,1,True
"locality_type__סוג_יישוב__יישובים יהודיים 500,000 תושבים ומעלה",locality_type,static_identity,True,9410,0.9961888630107982,2,0.02914664497050279,8,500,1,True
"locality_type__סוג_יישוב__יישובים יהודיים 9,999-5,000 תושבים",locality_type,static_identity,True,9410,0.9961888630107982,2,0.14353010871301822,8,500,1,True
"locality_type__סוג_יישוב__יישובים יהודיים 99,999-50,000 תושבים",locality_type,static_identity,True,9410,0.9961888630107982,2,0.12928981431289202,8,500,1,True
"locality_type__סוג_יישוב__יישובים כפריים אחרים, יהודיים",locality_type,static_identity,True,9410,0.9961888630107982,2,0.20391092224877286,8,500,1,True
"locality_type__סוג_יישוב__יישובים כפריים אחרים, לא-יהודיים",locality_type,static_identity,True,9410,0.9961888630107982,2,0.13772822197846346,8,500,1,True
"locality_type__סוג_יישוב__יישובים לא יהודיים 19,999-10,000 תושבים",locality_type,static_identity,True,9410,0.9961888630107982,2,0.14942681882139489,8,500,1,True
"locality_type__סוג_יישוב__יישובים לא יהודיים 4,999-2,000 תושבים",locality_type,static_identity,True,9410,0.9961888630107982,2,0.14494118045550944,8,500,1,True
"locality_type__סוג_יישוב__יישובים לא יהודיים 49,999-20,000 תושבים",locality_type,static_identity,True,9410,0.9961888630107982,2,0.12928981431289285,8,500,1,True
"locality_type__סוג_יישוב__יישובים לא יהודיים 9,999-5,000 תושבים",locality_type,static_identity,True,9410,0.9961888630107982,2,0.13281168645631775,8,500,1,True
"locality_type__סוג_יישוב__יישובים לא יהודיים 99,999-50,000 תושבים",locality_type,static_identity,True,9410,0.9961888630107982,2,0.05044049615264789,8,500,1,True
"locality_type__סוג_יישוב__יישובים מוסדיים, יהודיים",locality_type,static_identity,True,9410,0.9961888630107982,2,0.11081648062628566,8,500,1,True
"locality_type__סוג_יישוב__יישובים מוסדיים, לא-יהודיים",locality_type,static_identity,True,9410,0.9961888630107982,1,0.0,8,500,1,False
locality_type__סוג_יישוב__יישובים קהילתיים,locality_type,static_identity,True,9410,0.9961888630107982,2,0.2666781100999754,8,500,1,True
locality_type__סוג_יישוב__מושבים,locality_type,static_identity,True,9410,0.9961888630107982,2,0.47314167845862365,8,500,1,True
"locality_type__סוג_יישוב__מושבים 4,999-2,000 תושבים",locality_type,static_identity,True,9410,0.9961888630107982,2,0.0769176753572619,8,500,1,True
locality_type__סוג_יישוב__מושבים שיתופיים,locality_type,static_identity,True,9410,0.9961888630107982,2,0.17905387212602267,8,500,1,True
"locality_type__סוג_יישוב__מושבים שיתופיים 4,999-2,000 תושבים",locality_type,static_identity,True,9410,0.9961888630107982,2,0.04120204036709391,8,500,1,True
"locality_type__סוג_יישוב__נקודה שאיננה יישוב (האוכלוסייה כלולה ב""גרים מחוץ ליישובים"")",locality_type,static_identity,True,9410,0.9961888630107982,2,0.06586762462994745,8,500,1,True
locality_type__סוג_יישוב__קיבוצים,locality_type,static_identity,True,9410,0.9961888630107982,2,0.4136779363860538,8,500,1,True
"locality_type__סוג_יישוב__קיבוצים 4,999-2,000 תושבים",locality_type,static_identity,True,9410,0.9961888630107982,2,0.04120204036709396,8,500,1,True
"locality_type__סוג_יישוב__שבטי בדווים (אוכלוסייתם כלולה ב""גרים מחוץ ליישובים"")",locality_type,static_identity,True,9410,0.9961888630107982,2,0.13008130099666979,8,500,1,True
